,eggs,electricity,milk,bread,bacon,chicken_breast,chicken_whole,bananas,rice,coffee,ground_chuck,cookies,oranges,tomatoes,cpi_values,year_month
0,3.446,0.166,4.098,1.936,6.613,4.324,1.868,0.632,0.982,6.184,4.753,5.234,1.509,1.932,301.836,2023-03
1,4.211,0.168,4.163,1.896,6.595,4.365,1.894,0.641,0.959,6.351,4.777,5.177,1.549,1.99,300.84,2023-02
2,4.823,0.168,4.204,1.888,6.808,4.315,1.855,0.639,0.97,6.358,4.644,5.058,1.514,2.11,299.17,2023-01
3,4.25,0.165,4.211,1.873,6.956,4.348,1.83,0.628,0.971,6.465,4.758,4.974,1.485,2.228,296.797,2022-12
4,3.589,0.163,4.218,1.847,7.243,4.42,1.843,0.631,0.963,6.356,4.728,4.942,1.641,2.107,297.711,2022-11
5,3.419,0.166,4.184,1.814,7.608,4.67,1.863,0.634,0.963,6.408,4.789,4.869,1.73,1.974,298.012,2022-10
6,2.902,0.167,4.181,1.749,7.383,4.746,1.891,0.643,0.939,6.17,4.89,4.796,1.73,1.901,296.808,2022-09
7,3.116,0.167,4.194,1.756,7.372,4.706,1.879,0.643,0.925,6.235,5.12,4.676,1.703,1.89,296.171,2022-08
8,2.936,0.164,4.156,1.715,7.415,4.608,1.88,0.64,0.929,6.112,5.075,4.654,1.6,1.842,296.276,2022-07
9,2.707,0.16,4.153,1.691,7.403,4.568,1.826,0.64,0.924,5.793,4.997,4.567,1.546,1.842,296.311,2022-06
10,2.863,0.154,4.204,1.606,7.364,4.31,1.824,0.642,0.909,5.835,4.894,4.505,1.505,1.819,292.296,2022-05
11,2.52,0.151,4.012,1.612,7.422,4.096,1.794,0.637,0.9,5.529,4.945,4.174,1.48,1.794,289.109,2022-04
12,2.046,0.15,3.917,1.607,7.203,3.87,1.724,0.642,0.871,5.41,4.87,4.147,1.445,1.827,287.504,2022-03
13,2.005,0.148,3.875,1.578,7.097,3.815,1.632,0.628,0.83,5.247,4.627,4.15,1.427,1.826,283.716,2022-02
14,1.929,0.147,3.787,1.555,7.222,3.726,1.622,0.63,0.832,5.135,4.765,4.223,1.448,1.892,281.148,2022-01
15,1.788,0.142,3.743,1.532,7.211,3.725,1.606,0.622,0.82,4.965,4.792,4.089,1.44,1.906,278.802,2021-12
16,1.718,0.142,3.671,1.547,7.265,3.618,1.583,0.619,0.844,4.816,4.81,3.999,1.49,1.924,277.948,2021-11
17,1.821,0.142,3.663,1.526,7.317,3.589,1.523,0.6,0.788,4.8,4.869,3.815,1.354,1.892,276.589,2021-10
18,1.835,0.144,3.585,1.58,7.22,3.517,1.504,0.597,0.798,4.733,4.786,3.981,1.317,1.828,274.31,2021-09
19,1.709,0.144,3.56,1.467,7.096,3.536,1.472,0.589,0.784,4.726,4.636,4.065,1.32,1.858,273.567,2021-08
20,1.642,0.143,3.627,1.491,6.857,3.5,1.435,0.594,0.782,4.562,4.521,4.065,1.266,1.827,273.003,2021-07
21,1.642,0.142,3.557,1.51,6.67,3.353,1.474,0.595,0.778,4.605,4.565,4.068,1.321,1.83,271.696,2021-06
22,1.625,0.14,3.497,1.511,6.346,3.371,1.486,0.6,0.801,4.566,4.495,4.019,1.303,1.804,269.195,2021-05
23,1.62,0.139,3.447,1.51,6.215,3.406,1.515,0.604,0.785,4.752,4.29,3.939,1.329,1.786,267.054,2021-04
24,1.625,0.138,3.348,1.526,5.852,3.291,1.543,0.594,0.772,4.671,4.377,3.964,1.296,1.768,264.877,2021-03
25,1.597,0.137,3.368,1.537,5.778,3.239,1.583,0.59,0.779,4.673,4.252,3.8,1.209,1.838,263.014,2021-02
26,1.466,0.136,3.468,1.546,5.831,3.26,1.595,0.597,0.794,4.591,4.31,3.669,1.174,1.928,261.582,2021-01
27,1.481,0.136,3.535,1.538,5.831,3.293,1.621,0.572,0.789,4.52,4.202,3.793,1.218,1.893,260.474,2020-12
28,1.45,0.136,3.425,1.515,5.754,3.412,1.639,0.578,0.791,4.485,4.33,3.767,1.244,1.935,260.229,2020-11
29,1.408,0.135,3.38,1.503,5.722,3.29,1.58,0.577,0.766,4.522,4.212,3.848,1.327,1.911,260.388,2020-10
30,1.353,0.137,3.448,1.492,5.619,3.302,1.542,0.574,0.777,4.487,4.165,3.659,1.429,1.847,260.28,2020-09
31,1.328,0.137,3.406,1.495,5.559,3.276,1.609,0.576,0.769,4.504,4.307,3.769,1.47,1.874,259.918,2020-08
32,1.401,0.137,3.255,1.485,5.776,3.221,1.712,0.58,0.772,4.536,4.732,3.696,1.426,1.977,259.101,2020-07
33,1.554,0.137,3.198,1.474,5.772,3.349,1.747,0.588,0.749,4.517,5.33,3.717,1.442,1.922,257.797,2020-06
34,1.64,0.134,3.21,1.412,5.348,3.348,1.571,0.589,0.748,4.466,4.789,3.617,1.411,1.851,256.394,2020-05
35,2.019,0.133,3.267,1.406,5.346,3.158,1.4,0.581,0.733,4.396,4.343,3.826,1.296,2.197,256.389,2020-04
36,1.525,0.134,3.248,1.374,5.257,2.956,1.362,0.576,0.734,4.334,4.108,3.633,1.331,2.221,258.115,2020-03
37,1.449,0.134,3.196,1.375,5.497,3.013,1.409,0.574,0.716,4.25,4.033,3.551,1.28,1.954,258.678,2020-02
38,1.461,0.134,3.253,1.351,5.505,3.059,1.45,0.57,0.714,4.174,4.1,3.525,1.346,1.903,257.971,2020-01
39,1.535,0.133,3.188,1.363,5.474,3.113,1.43,0.573,0.721,4.053,4.066,3.584,1.298,1.779,256.974,2019-12
40,1.405,0.133,3.189,1.361,5.505,2.94,1.538,0.573,0.773,4.197,3.993,3.603,1.344,1.911,257.208,2019-11
41,1.282,0.136,3.119,1.325,5.653,2.948,1.487,0.573,0.797,4.174,4.027,3.602,1.389,1.864,257.346,2019-10
42,1.383,0.139,3.102,1.296,5.571,2.93,1.514,0.569,0.793,4.306,3.885,3.587,1.437,1.799,256.759,2019-09
43,1.219,0.139,3.045,1.275,5.576,2.96,1.562,0.578,0.798,4.294,4.019,3.496,1.502,1.812,256.558,2019-08
44,1.243,0.14,3.031,1.281,5.701,2.975,1.59,0.569,0.801,4.313,4.001,3.468,1.511,1.823,256.571,2019-07
45,1.203,0.139,3.054,1.28,5.878,3.051,1.479,0.574,0.761,4.343,3.951,3.504,1.559,1.947,256.143,2019-06
46,1.362,0.136,2.963,1.289,5.812,3.092,1.463,0.579,0.767,4.267,4.023,3.352,1.538,2.079,256.092,2019-05
47,1.463,0.135,2.98,1.285,5.552,3.014,1.468,0.567,0.757,4.291,3.907,3.426,1.409,2.068,255.548,2019-04
48,1.544,0.135,2.944,1.261,5.608,3.048,1.486,0.581,0.762,4.285,3.831,3.311,1.348,2.227,254.202,2019-03
49,1.557,0.136,2.9,1.282,5.502,3.062,1.473,0.571,0.73,4.324,3.847,3.516,1.291,2.175,252.776,2019-02
50,1.554,0.135,2.913,1.274,5.518,3.063,1.466,0.576,0.712,4.327,3.727,3.466,1.305,2.057,251.712,2019-01
51,1.595,0.135,2.853,1.29,5.502,3.112,1.501,0.577,0.711,4.323,3.709,3.527,1.339,1.901,251.233,2018-12
52,1.596,0.134,2.877,1.274,5.392,3.052,1.444,0.566,0.685,4.373,3.745,3.527,1.326,1.826,252.038,2018-11
53,1.66,0.136,2.913,1.277,5.37,3.047,1.487,0.574,0.693,4.335,3.692,3.456,1.315,1.737,252.885,2018-10
54,1.651,0.138,2.89,1.288,5.501,2.896,1.511,0.573,0.705,4.545,3.701,3.451,1.486,1.887,252.439,2018-09
55,1.622,0.139,2.871,1.302,5.577,2.939,1.519,0.569,0.69,4.597,3.738,3.351,1.59,1.706,252.146,2018-08
56,1.725,0.139,2.839,1.293,5.418,3.116,1.514,0.575,0.689,4.622,3.786,3.481,1.48,1.675,252.006,2018-07
57,1.628,0.139,2.877,1.279,5.247,3.094,1.523,0.575,0.698,4.65,3.824,3.49,1.453,1.802,251.989,2018-06
58,1.987,0.136,2.919,1.293,5.452,3.076,1.511,0.575,0.685,4.583,3.688,3.4,1.462,1.868,251.588,2018-05
59,2.081,0.134,2.924,1.281,5.421,3.238,1.502,0.578,0.682,4.468,3.775,3.328,1.346,2.026,250.546,2018-04
60,1.831,0.135,2.903,1.309,5.527,3.142,1.478,0.582,0.691,4.281,3.728,3.579,1.226,2.336,249.554,2018-03
61,1.755,0.135,2.923,1.265,5.533,3.119,1.509,0.574,0.682,4.306,3.659,3.725,1.174,2.237,248.991,2018-02
62,1.769,0.135,2.961,1.281,5.654,3.073,1.47,0.568,0.711,4.309,3.668,3.681,1.18,1.933,247.867,2018-01
63,1.815,0.136,3.155,1.316,5.629,3.192,1.451,0.558,0.712,4.372,3.729,3.601,1.191,1.813,246.524,2017-12
64,1.506,0.136,3.15,1.295,5.708,3.13,1.484,0.551,0.723,4.316,3.775,3.639,1.186,1.828,246.669,2017-11
65,1.54,0.137,3.158,1.328,6.066,3.141,1.48,0.548,0.741,4.428,3.703,3.511,1.169,1.846,246.663,2017-10
66,1.422,0.142,3.209,1.349,6.366,3.185,1.489,0.544,0.753,4.481,3.801,3.494,1.239,1.952,246.819,2017-09
67,1.367,0.142,3.168,1.348,6.241,3.194,1.496,0.561,0.764,4.443,3.785,3.568,1.412,1.873,245.519,2017-08
68,1.333,0.143,3.219,1.327,5.819,3.189,1.497,0.565,0.752,4.428,3.866,3.467,1.41,1.867,244.786,2017-07
69,1.332,0.142,3.213,1.335,5.665,3.215,1.499,0.572,0.726,4.405,3.768,3.575,1.365,1.902,244.955,2017-06
70,1.414,0.137,3.242,1.327,5.699,3.208,1.444,0.564,0.686,4.447,3.645,3.506,1.268,1.943,244.733,2017-05
71,1.409,0.135,3.259,1.328,5.775,3.289,1.462,0.571,0.692,4.498,3.675,3.404,1.186,1.93,244.524,2017-04
72,1.404,0.134,3.315,1.329,5.745,3.291,1.473,0.571,0.695,4.486,3.59,3.346,1.148,2.048,243.801,2017-03
73,1.464,0.135,3.3,1.358,5.334,3.195,1.418,0.573,0.7,4.412,3.549,3.39,1.176,1.972,243.603,2017-02
74,1.599,0.134,3.318,1.351,5.18,3.218,1.463,0.573,0.693,4.609,3.621,3.397,1.188,1.984,242.839,2017-01
75,1.383,0.133,3.29,1.362,5.102,3.2,1.478,0.576,0.703,4.669,3.619,3.409,1.194,1.994,241.432,2016-12
76,1.321,0.131,3.28,1.362,5.106,3.263,1.502,0.573,0.697,4.808,3.703,3.366,1.196,1.786,241.353,2016-11
77,1.39,0.134,3.292,1.343,5.375,3.305,1.487,0.57,0.721,4.79,3.742,3.47,1.229,1.685,241.729,2016-10
78,1.471,0.139,3.229,1.329,5.481,3.244,1.426,0.575,0.729,4.686,3.791,3.3,1.329,1.635,241.428,2016-09
79,1.455,0.139,3.141,1.341,5.448,3.218,1.445,0.562,0.74,4.715,3.912,3.219,1.514,1.709,240.849,2016-08
80,1.546,0.139,3.062,1.349,5.454,3.21,1.408,0.567,0.734,4.99,3.807,3.217,1.48,1.695,240.628,2016-07
81,1.491,0.138,3.115,1.333,5.374,3.228,1.489,0.569,0.747,4.827,3.84,3.32,1.493,1.862,241.018,2016-06
82,1.684,0.133,3.157,1.382,5.552,3.25,1.496,0.57,0.703,4.91,3.902,3.423,1.38,1.941,240.229,2016-05
83,1.793,0.134,3.155,1.406,5.613,3.251,1.463,0.574,0.711,4.738,3.933,3.42,1.274,2.316,239.261,2016-04
84,2.081,0.134,3.187,1.416,5.494,3.271,1.478,0.586,0.707,4.59,3.929,3.4,1.208,2.528,238.132,2016-03
85,2.267,0.134,3.23,1.407,5.394,3.302,1.429,0.573,0.709,4.713,3.945,3.289,1.165,1.932,237.111,2016-02
86,2.328,0.134,3.313,1.425,5.656,3.251,1.437,0.581,0.711,5.032,4.019,3.33,1.201,1.977,236.916,2016-01
87,2.751,0.133,3.31,1.428,5.734,3.282,1.484,0.58,0.732,5.215,4.025,3.316,1.185,1.844,236.525,2015-12
88,2.664,0.134,3.299,1.409,5.847,3.35,1.43,0.575,0.69,5.167,4.082,3.413,1.195,1.775,237.336,2015-11
89,2.808,0.136,3.338,1.418,5.899,3.356,1.415,0.577,0.662,5.099,4.119,3.391,1.246,1.737,237.838,2015-10
90,2.966,0.141,3.392,1.432,5.734,3.377,1.428,0.58,0.669,4.67,4.195,3.366,1.352,1.777,237.945,2015-09
91,2.943,0.142,3.389,1.42,5.41,3.406,1.487,0.58,0.673,5.153,4.222,3.233,1.508,1.708,238.316,2015-08
92,2.57,0.142,3.43,1.447,5.184,3.378,1.515,0.581,0.691,5.204,4.266,3.305,1.486,1.74,238.654,2015-07
93,2.57,0.143,3.366,1.467,5.059,3.388,1.483,0.574,0.676,5.005,4.324,3.286,1.467,1.847,238.638,2015-06
94,1.962,0.137,3.387,1.463,4.94,3.408,1.539,0.582,0.67,5.002,4.308,3.212,1.39,1.819,237.805,2015-05
95,2.065,0.137,3.397,1.454,5.211,3.504,1.545,0.597,0.67,5.025,4.323,3.335,1.299,1.849,236.599,2015-04
96,2.133,0.136,3.463,1.44,5.367,3.522,1.55,0.593,0.689,4.948,4.364,3.486,1.342,2.089,236.119,2015-03
97,2.088,0.138,3.496,1.435,5.472,3.511,1.546,0.591,0.692,5.04,4.403,3.477,1.261,2.189,234.722,2015-02
98,2.113,0.138,3.758,1.479,5.589,3.438,1.541,0.583,0.7,5.149,4.375,3.428,1.212,1.948,233.707,2015-01
99,2.21,0.135,3.82,1.466,5.531,3.482,1.533,0.585,0.717,5.091,4.217,3.498,1.146,1.695,234.812,2014-12
100,2.032,0.134,3.858,1.42,5.574,3.527,1.549,0.592,0.723,5.214,4.26,3.641,1.118,1.546,236.151,2014-11
101,1.951,0.136,3.766,1.414,5.759,3.486,1.543,0.582,0.746,5.394,4.294,3.295,1.129,1.544,237.433,2014-10
102,1.97,0.141,3.732,1.405,5.953,3.481,1.572,0.606,0.737,5.588,4.201,3.333,1.201,1.633,238.031,2014-09
103,1.979,0.143,3.673,1.396,6.068,3.476,1.495,0.608,0.758,5.678,4.024,3.375,1.328,1.675,237.852,2014-08
104,1.95,0.143,3.645,1.413,6.009,3.444,1.503,0.606,0.742,5.674,3.917,3.456,1.334,1.629,238.25,2014-07
105,1.948,0.143,3.626,1.4,6.106,3.504,1.556,0.607,0.739,6.014,3.907,3.324,1.377,1.622,238.343,2014-06
106,1.996,0.136,3.735,1.401,6.048,3.474,1.53,0.603,0.75,5.742,3.849,3.391,1.287,1.632,237.9,2014-05
107,2.119,0.131,3.687,1.388,5.69,3.392,1.544,0.597,0.733,5.902,3.886,3.579,1.147,1.672,237.072,2014-04
108,2.061,0.135,3.669,1.359,5.552,3.468,1.504,0.597,0.732,5.921,3.745,3.424,1.048,1.702,236.293,2014-03
109,1.998,0.134,3.561,1.388,5.461,3.384,1.529,0.599,0.731,6.066,3.733,3.329,0.981,1.727,234.781,2014-02
110,2.008,0.134,3.552,1.365,5.563,3.427,1.52,0.595,0.735,5.888,3.586,3.279,0.988,1.7,233.916,2014-01
111,2.026,0.131,3.501,1.385,5.544,3.46,1.518,0.592,0.729,5.693,3.585,3.492,0.998,1.566,233.049,2013-12
112,1.925,0.13,3.491,1.382,5.615,3.45,1.543,0.587,0.734,5.693,3.61,3.781,0.991,1.509,233.069,2013-11
113,1.925,0.132,3.462,1.358,5.708,3.652,1.528,0.586,0.741,5.723,3.492,3.69,1.035,1.43,233.546,2013-10
114,1.897,0.137,3.428,1.419,5.68,3.608,1.489,0.601,0.737,5.582,3.445,3.599,1.102,1.47,234.149,2013-09
115,1.838,0.137,3.448,1.408,5.618,3.599,1.484,0.595,0.721,5.596,3.511,3.451,1.254,1.454,233.877,2013-08
116,1.833,0.137,3.449,1.434,5.494,3.55,1.509,0.602,0.723,5.513,3.423,3.63,1.296,1.46,233.596,2013-07
117,1.859,0.137,3.458,1.439,5.334,3.525,1.466,0.603,0.702,5.558,3.403,3.721,1.283,1.493,233.504,2013-06
118,1.87,0.131,3.441,1.401,5.092,3.429,1.473,0.603,0.724,5.382,3.461,3.428,1.127,1.497,232.945,2013-05
119,1.918,0.128,3.428,1.409,4.887,3.266,1.471,0.597,0.714,5.497,3.479,3.729,1.032,1.545,232.531,2013-04
120,1.925,0.128,3.431,1.412,4.909,3.226,1.456,0.609,0.708,5.437,3.417,3.774,0.968,1.594,232.773,2013-03
121,1.965,0.129,3.48,1.411,4.831,3.278,1.497,0.611,0.715,5.636,3.408,3.625,0.91,1.469,232.166,2013-02
122,1.933,0.129,3.526,1.422,4.722,3.381,1.482,0.609,0.714,5.511,3.406,3.728,0.85,1.443,230.28,2013-01
123,2.007,0.127,3.58,1.436,4.639,3.267,1.512,0.606,0.704,5.651,3.464,3.617,0.852,1.384,229.601,2012-12
124,1.963,0.127,3.536,1.418,4.64,3.412,1.53,0.6,0.685,5.766,3.46,3.755,0.929,1.44,230.221,2012-11
125,1.96,0.128,3.524,1.422,4.661,3.428,1.455,0.602,0.684,5.547,3.514,3.595,0.983,1.506,231.317,2012-10
126,1.889,0.133,3.469,1.401,4.692,3.117,1.433,0.597,0.683,5.234,3.482,3.346,1.142,1.492,231.407,2012-09
127,1.884,0.133,3.474,1.407,4.609,3.368,1.454,0.595,0.681,5.129,3.447,3.374,1.386,1.336,230.379,2012-08
128,1.648,0.133,3.428,1.427,4.365,3.36,1.39,0.604,0.681,5.101,3.449,3.64,1.438,1.388,229.104,2012-07
129,1.67,0.135,3.396,1.403,4.326,3.195,1.347,0.605,0.677,4.642,3.448,3.729,1.268,1.452,229.478,2012-06
130,1.691,0.129,3.427,1.412,4.385,3.123,1.401,0.599,0.696,4.218,3.379,3.689,1.078,1.433,229.815,2012-05
131,1.829,0.127,3.474,1.426,4.533,3.173,1.372,0.603,0.7,4.417,3.327,3.841,1.014,1.542,230.085,2012-04
132,1.774,0.127,3.499,1.395,4.6,3.183,1.356,0.607,0.718,4.146,3.366,3.483,0.916,1.531,229.392,2012-03
133,1.798,0.128,3.52,1.442,4.655,3.113,1.334,0.603,0.739,4.467,3.294,3.778,0.926,1.516,227.663,2012-02
134,1.939,0.128,3.583,1.423,4.571,3.145,1.34,0.604,0.729,4.175,3.292,3.64,0.957,1.465,226.665,2012-01
135,1.874,0.127,3.565,1.42,4.55,3.102,1.304,0.599,0.752,4.174,3.265,3.682,0.989,1.503,225.672,2011-12
136,1.836,0.128,3.557,1.399,4.637,3.147,1.312,0.598,0.767,3.935,3.197,3.62,1.052,1.42,226.23,2011-11
137,1.871,0.13,3.622,1.457,4.586,3.102,1.294,0.607,0.719,3.857,3.218,3.569,1.021,1.442,226.421,2011-10
138,1.947,0.135,3.715,1.477,4.819,3.217,1.296,0.607,0.715,3.697,3.105,3.349,1.2,1.559,226.889,2011-09
139,1.711,0.135,3.713,1.474,4.77,3.275,1.306,0.606,0.716,3.664,3.231,3.15,1.281,1.794,226.545,2011-08
140,1.647,0.135,3.654,1.513,4.755,3.253,1.305,0.611,0.755,3.641,3.272,3.346,1.302,2.27,225.922,2011-07
141,1.683,0.134,3.622,1.49,4.84,3.127,1.302,0.614,0.767,3.565,3.211,3.317,1.242,2.086,225.722,2011-06
142,1.692,0.129,3.653,1.472,4.77,3.111,1.261,0.617,0.734,3.736,3.277,3.219,1.149,1.832,225.964,2011-05
143,1.727,0.127,3.597,1.42,4.662,3.291,1.269,0.621,0.745,3.811,3.25,3.288,1.096,1.59,224.906,2011-04
144,1.732,0.127,3.503,1.415,4.537,3.218,1.266,0.621,0.747,3.669,3.151,3.219,0.952,1.591,223.467,2011-03
145,1.708,0.125,3.357,1.398,4.366,3.175,1.241,0.625,0.742,3.685,3.058,3.123,0.871,1.519,221.309,2011-02
146,1.806,0.125,3.301,1.401,4.25,3.209,1.28,0.596,0.728,3.607,2.991,3.298,0.858,1.502,220.223,2011-01
147,1.793,0.125,3.318,1.386,4.16,3.324,1.277,0.587,0.71,3.497,2.932,3.442,0.87,1.503,219.179,2010-12
148,1.675,0.125,3.327,1.375,4.697,3.339,1.302,0.581,0.714,3.529,2.949,3.347,0.899,1.405,218.803,2010-11
149,1.456,0.127,3.321,1.407,4.773,3.389,1.276,0.58,0.723,3.407,2.978,3.231,0.932,1.544,218.711,2010-10
150,1.753,0.132,3.278,1.386,4.574,3.311,1.254,0.573,0.743,3.308,2.915,3.217,1.113,1.586,218.439,2010-09
151,1.519,0.133,3.303,1.372,4.353,3.337,1.28,0.576,0.749,3.437,2.849,3.23,1.262,1.918,218.312,2010-08
152,1.441,0.133,3.313,1.36,4.213,3.309,1.239,0.583,0.739,3.475,2.936,3.173,1.255,2.132,218.011,2010-07
153,1.494,0.132,3.297,1.383,4.046,3.323,1.259,0.577,0.746,3.456,2.965,3.295,1.222,2.007,217.965,2010-06
154,1.523,0.127,3.178,1.359,3.862,3.241,1.23,0.571,0.759,3.288,2.921,3.271,1.191,1.765,218.178,2010-05
155,1.779,0.126,3.14,1.363,3.643,3.245,1.231,0.58,0.764,3.113,2.89,3.138,1.06,1.837,218.009,2010-04
156,1.822,0.125,3.188,1.368,3.669,3.261,1.265,0.575,0.759,3.158,2.824,3.134,0.963,1.961,217.631,2010-03
157,1.872,0.123,3.203,1.361,3.642,3.313,1.265,0.587,0.754,3.138,2.881,3.266,0.91,1.726,216.741,2010-02
158,1.789,0.124,3.236,1.36,3.63,3.251,1.267,0.586,0.751,3.173,2.825,3.28,0.889,1.595,216.687,2010-01
159,1.772,0.124,3.105,1.39,3.57,3.31,1.256,0.571,0.768,3.196,2.828,3.407,0.912,1.538,215.949,2009-12
160,1.705,0.124,3.034,1.373,3.498,3.318,1.244,0.561,0.751,3.154,2.797,3.167,0.896,1.528,216.33,2009-11
161,1.595,0.126,3.046,1.392,3.603,3.33,1.258,0.598,0.76,3.158,2.785,3.253,0.934,1.618,216.177,2009-10
162,1.627,0.13,2.981,1.34,3.592,3.285,1.287,0.605,0.752,3.349,2.782,3.092,1.055,1.604,215.969,2009-09
163,1.632,0.13,2.979,1.375,3.588,3.267,1.261,0.611,0.756,3.292,2.843,3.235,1.428,1.584,215.834,2009-08
164,1.495,0.131,2.992,1.391,3.64,3.32,1.282,0.616,0.766,3.301,2.8,3.12,1.471,1.591,215.351,2009-07
165,1.529,0.132,3.009,1.385,3.621,3.398,1.304,0.617,0.773,3.174,2.873,3.248,1.452,1.511,215.693,2009-06
166,1.501,0.126,3.068,1.413,3.663,3.342,1.296,0.622,0.757,3.232,2.876,3.221,1.291,1.556,213.856,2009-05
167,1.774,0.125,3.084,1.395,3.581,3.388,1.301,0.629,0.774,3.235,2.994,3.135,1.136,1.661,213.24,2009-04
168,1.693,0.126,3.116,1.41,3.59,3.405,1.29,0.634,0.783,3.293,2.976,3.056,1.008,1.734,212.709,2009-03
169,1.795,0.126,3.319,1.404,3.62,3.326,1.292,0.641,0.797,3.447,3.019,3.035,0.931,1.722,212.193,2009-02
170,1.85,0.126,3.575,1.381,3.73,3.299,1.305,0.629,0.813,3.376,2.961,3.114,0.898,1.611,211.143,2009-01
171,1.834,0.124,3.681,1.415,3.67,3.284,1.304,0.617,0.82,3.482,2.999,3.048,0.887,1.591,210.228,2008-12
172,1.838,0.123,3.734,1.377,3.597,3.344,1.205,0.626,0.856,3.334,2.987,3.112,0.905,1.694,212.425,2008-11
173,1.858,0.126,3.656,1.393,3.745,3.343,1.214,0.629,0.853,3.416,2.956,3.026,0.905,1.713,216.573,2008-10
174,1.978,0.13,3.773,1.379,3.725,3.359,1.223,0.631,0.854,3.329,2.981,2.95,1.079,1.814,218.783,2008-09
175,1.854,0.132,3.886,1.381,3.842,3.445,1.191,0.634,0.795,3.24,2.964,2.902,1.542,1.675,219.086,2008-08
176,2.011,0.131,3.961,1.384,3.605,3.42,1.181,0.627,0.753,3.009,2.785,2.993,1.503,1.773,219.964,2008-07
177,1.92,0.128,3.773,1.373,3.655,3.403,1.194,0.633,0.704,2.94,2.835,2.875,1.5,1.835,218.815,2008-06
178,1.93,0.12,3.76,1.37,3.637,3.452,1.176,0.63,0.608,3.049,2.798,2.87,1.321,1.735,216.632,2008-05
179,2.069,0.118,3.799,1.373,3.554,3.502,1.168,0.627,0.584,2.776,2.829,2.78,1.268,2.032,214.823,2008-04
180,2.203,0.116,3.781,1.35,3.623,3.372,1.159,0.597,0.583,2.778,2.832,2.734,1.243,2.147,213.528,2008-03
181,2.168,0.116,3.869,1.321,3.62,3.48,1.163,0.54,0.568,2.84,2.791,2.682,1.301,1.851,211.693,2008-02
182,2.175,0.116,3.871,1.281,3.652,3.392,1.166,0.521,0.551,2.874,2.725,2.642,1.375,1.649,211.08,2008-01
183,2.099,0.115,3.87,1.28,3.688,3.376,1.161,0.525,0.544,2.878,2.702,2.719,1.092,1.496,210.036,2007-12
184,1.862,0.115,3.904,1.235,3.656,3.459,1.135,0.515,0.555,2.878,2.738,2.748,0.958,1.485,210.177,2007-11
185,1.771,0.117,3.838,1.274,3.883,3.421,1.142,0.508,0.546,2.75,2.705,2.696,1.2,1.486,208.936,2007-10
186,1.825,0.121,3.841,1.212,3.784,3.528,1.145,0.505,0.551,2.831,2.744,2.671,1.423,1.51,208.49,2007-09
187,1.634,0.121,3.807,1.21,3.798,3.589,1.13,0.506,0.547,2.908,2.695,2.65,1.483,1.685,207.917,2007-08
188,1.502,0.122,3.736,1.209,3.723,3.509,1.134,0.509,0.529,2.932,2.734,2.748,1.27,1.63,208.299,2007-07
189,1.373,0.122,3.427,1.193,3.657,3.513,1.118,0.512,0.544,2.856,2.739,2.67,1.119,1.555,208.352,2007-06
190,1.504,0.115,3.259,1.192,3.651,3.486,1.115,0.503,0.556,2.892,2.766,2.685,0.99,1.644,207.949,2007-05
191,1.616,0.113,3.135,1.201,3.496,3.371,1.064,0.517,0.548,4.465863874345549,2.676,2.681,0.876,1.621,206.686,2007-04
192,1.634,0.113,3.072,1.161,3.464,3.337,1.039,0.51,0.554,4.465863874345549,2.628,2.678,0.888,1.639,205.352,2007-03
193,1.746,0.113,3.083,1.168,3.566,3.259,1.033,0.507,0.563,4.465863874345549,2.639,2.645,0.915,1.784,203.499,2007-02
194,1.549,0.113,3.067,1.153,3.51,3.274,1.057,0.505,0.555,4.465863874345549,2.63,2.868,0.837,2.188,202.416,2007-01
195,1.543,0.11,3.004,1.137,3.458,3.284,1.049,0.499,0.555,4.465863874345549,2.606,2.913,0.885,1.908,201.8,2006-12
196,1.354,0.11,2.985,1.143,3.444,3.288,1.038,0.498,0.568,4.465863874345549,2.564,2.851,1.172,1.488,201.5,2006-11
197,1.257,0.112,3.064,1.097,3.61,3.28,1.063,0.489,0.55,4.465863874345549,2.542,3.012,1.388,1.479,201.8,2006-10
198,1.254,0.118,3.049,1.083,3.552,3.397,1.048,0.479,0.565,4.465863874345549,2.508,3.041,1.363,1.457,202.9,2006-09
199,1.244,0.118,3.019,1.088,3.559,3.357,1.04,0.492,0.561,4.465863874345549,2.543,3.091,1.012,1.543,203.9,2006-08
200,1.213,0.118,3.083,1.071,3.508,3.209,1.055,0.508,0.549,4.465863874345549,2.459,3.074,0.899,1.573,203.5,2006-07
201,1.242,0.118,3.001,1.074,3.399,3.277,1.034,0.511,0.549,4.465863874345549,2.543,3.021,0.816,1.649,202.9,2006-06
202,1.206,0.11,3.066,1.086,3.309,3.236,1.054,0.514,0.538,4.465863874345549,2.508,2.797,0.783,1.91,202.5,2006-05
203,1.283,0.109,3.123,1.072,3.343,3.308,1.047,0.508,0.534,4.465863874345549,2.599,2.608,0.802,2.162,201.5,2006-04
204,1.302,0.109,3.161,1.04,3.396,3.295,1.045,0.508,0.534,4.465863874345549,2.568,2.693,0.838,1.848,199.8,2006-03
205,1.328,0.108,3.224,1.029,3.385,3.341,1.062,0.508,0.532,4.465863874345549,2.556,2.739,0.865,1.574,198.7,2006-02
206,1.449,0.108,3.197,1.046,3.364,3.307,1.061,0.49,0.524,4.465863874345549,2.607,2.764,1.08,1.547,198.3,2006-01
207,1.35,0.102,3.241,1.046,3.327,3.370227053140096,1.059,0.482,0.53,4.465863874345549,2.606,2.832,1.142,1.429,196.8,2005-12
208,1.279,0.102,3.211,1.055,3.262,3.370227053140096,1.062,0.48,0.541,4.465863874345549,2.568,2.67,0.878,1.416,197.6,2005-11
209,1.264,0.102,3.171,1.043,3.327,3.370227053140096,1.056,0.491,0.544,4.465863874345549,2.564,2.652,0.77,1.607,199.2,2005-10
210,1.279,0.106,3.133,1.052,3.404,3.370227053140096,1.042,0.485,0.532,4.465863874345549,2.535,2.621,0.744,1.655,198.8,2005-09
211,1.166,0.105,3.136,1.06,3.442,3.370227053140096,1.067,0.487,0.553,4.465863874345549,2.502,2.558,0.73,1.911,196.4,2005-08
212,1.165,0.105,3.09,1.067,3.478,3.370227053140096,1.075,0.494,0.547,4.465863874345549,2.541,2.632,0.725,1.71,195.4,2005-07
213,1.139,0.104,3.122,1.09,3.457,3.370227053140096,1.052,0.493,0.552,4.465863874345549,2.542,2.699,0.793,1.548,194.5,2005-06
214,1.185,0.097,3.207,1.086,3.56,3.370227053140096,1.07,0.497,0.584,4.465863874345549,2.572,2.537,1.2129813084112149,1.428,194.4,2005-05
215,1.164,0.095,3.225,1.004,3.331,3.370227053140096,1.061,0.503,0.57,4.465863874345549,2.504,2.662,1.2129813084112149,1.66,194.6,2005-04
216,1.132,0.094,3.226,1.002,3.355,3.370227053140096,1.038,0.507,0.575,4.465863874345549,2.519,2.759,1.2129813084112149,2.467,193.3,2005-03
217,1.284,0.094,3.176,0.982,3.395,3.370227053140096,1.026,0.502,0.597,4.465863874345549,2.531,2.744,1.2129813084112149,2.337,191.8,2005-02
218,1.211,0.094,3.304,0.997,3.367,3.370227053140096,1.03,0.485,0.572,4.465863874345549,2.478,2.677,1.2129813084112149,1.715,190.7,2005-01
219,1.199,0.092,3.233,0.97,3.369,3.370227053140096,1.039,0.474,0.572,4.465863874345549,2.465,2.632,1.2129813084112149,1.321,190.3,2004-12
220,1.085,0.092,3.219,0.976,3.438,3.370227053140096,1.078,0.469,0.569,4.465863874345549,2.461,2.578,1.2129813084112149,1.312,191.0,2004-11
221,1.089,0.094,3.161,0.972,3.606,3.370227053140096,1.078,0.485,0.565,4.465863874345549,2.484,2.704,1.2129813084112149,1.253,190.9,2004-10
222,1.145,0.099,3.149,0.985,3.589,3.370227053140096,1.092,0.488,0.556,4.465863874345549,2.512,2.606,1.2129813084112149,1.331,189.9,2004-09
223,1.277,0.1,3.297,0.996,3.622,3.370227053140096,1.077,0.507,0.56,4.465863874345549,2.537,2.571,1.2129813084112149,1.51,189.5,2004-08
224,1.253,0.099,3.479,0.985,3.47,3.370227053140096,1.06,0.51,0.538,4.465863874345549,2.462,2.652,1.2129813084112149,1.519,189.4,2004-07
225,1.311,0.099,3.574,0.979,3.42,3.370227053140096,1.039,0.498,0.528,4.465863874345549,2.485,2.635,1.2129813084112149,1.529,189.7,2004-06
226,1.372,0.093,3.374,0.96,3.33,3.370227053140096,1.12,0.491,0.503,4.465863874345549,2.522,2.598,1.2129813084112149,1.51,189.1,2004-05
227,1.562,0.091,2.906,0.974,3.196,3.370227053140096,1.1,0.505,0.504,4.465863874345549,2.486,2.633,1.2129813084112149,1.472,188.0,2004-04
228,1.625,0.091,2.786,0.947,3.129,3.370227053140096,1.06,0.5,0.487,4.465863874345549,2.473,2.685,1.2129813084112149,1.7544298245614034,187.4,2004-03
229,1.583,0.091,2.814,0.943,3.189,3.370227053140096,1.062,0.504,0.482,4.465863874345549,2.558,2.699,1.2129813084112149,1.7544298245614034,186.2,2004-02
230,1.573,0.091,2.879,0.946,3.157,3.370227053140096,1.3786913043478264,0.512,0.7068608695652175,4.465863874345549,2.585,2.75,1.2129813084112149,1.7544298245614034,185.2,2004-01
