,Eggs,Milk,Bread,Bacon,Chicken Breast,Whole Chicken,Bananas,Rice,Coffee,Ground Chuck,Cookies,Oranges,Tomatoes,Cpi Values,PPI Values,Unemployment,year_month
0,3.599,4.162,1.851,7.118,4.204,2.078,0.657,1.068,8.414,6.338,5.264,1.633,1.793,323.048,253.663,4.2,2025-07
1,3.775,4.029,1.864,7.098,4.239,2.086,0.654,1.061,8.132,6.103,5.108,1.564,1.737,322.561,251.918,4.1,2025-06
2,4.548,4.022,1.876,6.985,4.216,2.061,0.655,1.067,7.931,6.018,5.049,1.485,1.705,321.465,251.369,4.2,2025-05
3,5.122,4.074,1.913,7.009,4.18,2.059,0.635,1.031,7.536,5.996,4.956,1.484,1.793,320.795,250.44,4.2,2025-04
4,6.227,4.05,1.88,6.978,4.16,2.064,0.625,1.038,7.385,5.854,4.863,1.536,1.819,319.799,249.728,4.2,2025-03
5,5.897,4.026,1.925,6.798,4.079,2.051,0.619,1.03,7.246,5.744,4.658,1.531,1.848,319.082,250.31,4.1,2025-02
6,4.953,4.025,1.925,7.044,3.969,2.061,0.621,1.008,7.019,5.495,4.895,1.564,2.05,317.671,248.662,4.0,2025-01
7,4.146,4.101,1.912,6.915,4.104,2.061,0.615,1.032,6.776,5.576,4.773,1.729,2.067,315.605,246.083,4.1,2024-12
8,3.649,4.138,1.916,6.843,4.011,2.076,0.622,1.061,6.868,5.605,4.918,1.805,2.03,315.493,246.636,4.2,2024-11
9,3.37,4.041,1.937,6.869,4.037,1.987,0.619,1.056,6.644,5.586,4.852,1.733,1.98,315.664,247.216,4.1,2024-10
10,3.821,4.021,1.976,6.955,3.974,1.979,0.617,1.078,6.47,5.576,5.173,1.728,1.936,315.301,246.339,4.1,2024-09
11,3.204,4.044,1.951,6.785,3.952,1.988,0.612,1.085,6.311,5.638,5.046,1.627,1.996,314.796,249.168,4.2,2024-08
12,3.08,3.983,1.975,6.883,3.946,1.988,0.613,1.039,6.307,5.47,5.102,1.582,1.945,314.54,249.847,4.2,2024-07
13,2.715,3.956,1.973,6.827,4.046,2.007,0.625,1.018,6.253,5.364,5.017,1.545,1.843,314.175,247.72,4.1,2024-06
14,2.699,3.864,1.971,6.818,4.118,2.013,0.622,1.002,5.991,5.331,5.124,1.475,1.859,314.069,248.763,4.0,2024-05
15,2.864,3.868,1.998,6.637,4.061,1.953,0.626,1.025,6.063,5.277,5.121,1.516,1.962,313.548,251.376,3.9,2024-04
16,2.992,3.893,1.997,6.609,4.106,1.991,0.629,1.014,5.964,5.421,5.145,1.532,2.044,312.332,249.516,3.9,2024-03
17,2.996,3.94,2.006,6.56,4.105,1.951,0.625,1.001,6.094,5.213,5.248,1.55,2.132,310.326,248.295,3.9,2024-02
18,2.522,3.958,2.033,6.614,4.086,1.987,0.617,1.0,6.124,5.093,5.019,1.601,2.146,308.417,244.056,3.7,2024-01
19,2.507,4.008,2.024,6.774,4.082,1.955,0.625,0.99,6.092,5.118,5.117,1.664,1.995,306.746,243.266,3.8,2023-12
20,2.138,3.997,1.976,6.899,4.06,1.976,0.627,0.992,6.169,5.201,5.044,1.693,1.942,307.051,246.497,3.7,2023-11
21,2.072,3.927,2.002,7.223,4.222,1.926,0.626,0.96,6.178,5.349,5.129,1.637,1.865,307.671,249.119,3.9,2023-10
22,2.065,3.965,1.972,7.083,4.229,1.901,0.625,0.981,6.085,5.185,5.113,1.623,1.844,307.789,252.368,3.8,2023-09
23,2.043,3.927,1.97,6.502,4.179,1.958,0.631,0.997,6.091,5.259,5.056,1.591,1.877,307.026,251.093,3.7,2023-08
24,2.094,3.971,1.98,6.236,4.141,1.891,0.631,1.006,6.141,5.253,5.091,1.535,1.896,305.691,245.434,3.5,2023-07
25,2.219,3.985,1.937,6.224,4.193,1.953,0.625,1.003,6.091,5.106,5.111,1.512,1.911,305.109,245.784,3.6,2023-06
26,2.666,4.042,1.951,6.339,4.236,1.92,0.628,0.997,6.094,4.953,5.153,1.53,1.798,304.127,246.206,3.6,2023-05
27,3.27,4.042,1.989,6.549,4.405,1.873,0.635,0.98,6.04,4.747,5.193,1.509,1.874,303.363,248.583,3.4,2023-04
28,3.446,4.098,1.936,6.613,4.324,1.868,0.632,0.982,6.184,4.753,5.234,1.549,1.932,301.836,248.98,3.5,2023-03
29,4.211,4.163,1.896,6.595,4.365,1.894,0.641,0.959,6.351,4.777,5.177,1.514,1.99,300.84,249.308,3.6,2023-02
30,4.823,4.204,1.888,6.808,4.315,1.855,0.639,0.97,6.358,4.644,5.058,1.485,2.11,299.17,249.178,3.5,2023-01
31,4.25,4.211,1.873,6.956,4.348,1.83,0.628,0.971,6.465,4.758,4.974,1.641,2.228,296.797,245.115,3.5,2022-12
32,3.589,4.218,1.847,7.243,4.42,1.843,0.631,0.963,6.356,4.728,4.942,1.73,2.107,297.711,252.905,3.6,2022-11
33,3.419,4.184,1.814,7.608,4.67,1.863,0.634,0.963,6.408,4.789,4.869,1.73,1.974,298.012,254.03,3.6,2022-10
34,2.902,4.181,1.749,7.383,4.746,1.891,0.643,0.939,6.17,4.89,4.796,1.703,1.901,296.808,251.891,3.5,2022-09
35,3.116,4.194,1.756,7.372,4.706,1.879,0.643,0.925,6.235,5.12,4.676,1.6,1.89,296.171,251.494,3.6,2022-08
36,2.936,4.156,1.715,7.415,4.608,1.88,0.64,0.929,6.112,5.075,4.654,1.546,1.842,296.276,256.526,3.5,2022-07
37,2.707,4.153,1.691,7.403,4.568,1.826,0.64,0.924,5.793,4.997,4.567,1.505,1.842,296.311,262.418,3.6,2022-06
38,2.863,4.204,1.606,7.364,4.31,1.824,0.642,0.909,5.835,4.894,4.505,1.48,1.819,292.296,256.396,3.6,2022-05
39,2.52,4.012,1.612,7.422,4.096,1.794,0.637,0.9,5.529,4.945,4.174,1.445,1.794,289.109,249.56,3.7,2022-04
40,2.046,3.917,1.607,7.203,3.87,1.724,0.642,0.871,5.41,4.87,4.147,1.427,1.827,287.504,245.404,3.7,2022-03
41,2.005,3.875,1.578,7.097,3.815,1.632,0.628,0.83,5.247,4.627,4.15,1.448,1.826,283.716,237.245,3.8,2022-02
42,1.929,3.787,1.555,7.222,3.726,1.622,0.63,0.832,5.135,4.765,4.223,1.44,1.892,281.148,231.495,4.0,2022-01
43,1.788,3.743,1.532,7.211,3.725,1.606,0.622,0.82,4.965,4.792,4.089,1.49,1.906,278.802,226.47,3.9,2021-12
44,1.718,3.671,1.547,7.265,3.618,1.583,0.619,0.844,4.816,4.81,3.999,1.354,1.924,277.948,227.109,4.2,2021-11
45,1.821,3.663,1.526,7.317,3.589,1.523,0.6,0.788,4.8,4.869,3.815,1.317,1.892,276.589,225.478,4.5,2021-10
46,1.835,3.585,1.58,7.22,3.517,1.504,0.597,0.798,4.733,4.786,3.981,1.32,1.828,274.31,221.869,4.7,2021-09
47,1.709,3.56,1.467,7.096,3.536,1.472,0.589,0.784,4.726,4.636,4.065,1.266,1.858,273.567,220.114,5.1,2021-08
48,1.642,3.627,1.491,6.857,3.5,1.435,0.594,0.782,4.562,4.521,4.065,1.321,1.827,273.003,219.492,5.4,2021-07
49,1.642,3.557,1.51,6.67,3.353,1.474,0.595,0.778,4.605,4.565,4.068,1.303,1.83,271.696,217.9,5.9,2021-06
50,1.625,3.497,1.511,6.346,3.371,1.486,0.6,0.801,4.566,4.495,4.019,1.329,1.804,269.195,215.1,5.8,2021-05
51,1.62,3.447,1.51,6.215,3.406,1.515,0.604,0.785,4.752,4.29,3.939,1.296,1.786,267.054,210.1,6.1,2021-04
52,1.625,3.348,1.526,5.852,3.291,1.543,0.594,0.772,4.671,4.377,3.964,1.209,1.768,264.877,207.9,6.1,2021-03
53,1.597,3.368,1.537,5.778,3.239,1.583,0.59,0.779,4.673,4.252,3.8,1.174,1.838,263.014,203.1,6.2,2021-02
54,1.466,3.468,1.546,5.831,3.26,1.595,0.597,0.794,4.591,4.31,3.669,1.218,1.928,261.582,199.6,6.4,2021-01
55,1.481,3.535,1.538,5.831,3.293,1.621,0.572,0.789,4.52,4.202,3.793,1.244,1.893,260.474,196.7,6.7,2020-12
56,1.45,3.425,1.515,5.754,3.412,1.639,0.578,0.791,4.485,4.33,3.767,1.327,1.935,260.229,194.5,6.7,2020-11
57,1.408,3.38,1.503,5.722,3.29,1.58,0.577,0.766,4.522,4.212,3.848,1.429,1.911,260.388,193.7,6.9,2020-10
58,1.353,3.448,1.492,5.619,3.302,1.542,0.574,0.777,4.487,4.165,3.659,1.47,1.847,260.28,192.9,7.8,2020-09
59,1.328,3.406,1.495,5.559,3.276,1.609,0.576,0.769,4.504,4.307,3.769,1.426,1.874,259.918,193.0,8.4,2020-08
60,1.401,3.255,1.485,5.776,3.221,1.712,0.58,0.772,4.536,4.732,3.696,1.442,1.977,259.101,192.3,10.2,2020-07
61,1.554,3.198,1.474,5.772,3.349,1.747,0.588,0.749,4.517,5.33,3.717,1.411,1.922,257.797,190.2,11.0,2020-06
62,1.64,3.21,1.412,5.348,3.348,1.571,0.589,0.748,4.466,4.789,3.617,1.296,1.851,256.394,188.9,13.2,2020-05
63,2.019,3.267,1.406,5.346,3.158,1.4,0.581,0.733,4.396,4.343,3.826,1.331,2.197,256.389,186.1,14.8,2020-04
64,1.525,3.248,1.374,5.257,2.956,1.362,0.576,0.734,4.334,4.108,3.633,1.28,2.221,258.115,192.3,4.4,2020-03
65,1.449,3.196,1.375,5.497,3.013,1.409,0.574,0.716,4.25,4.033,3.551,1.346,1.954,258.678,195.1,3.5,2020-02
66,1.461,3.253,1.351,5.505,3.059,1.45,0.57,0.714,4.174,4.1,3.525,1.298,1.903,257.971,196.6,3.6,2020-01
67,1.535,3.188,1.363,5.474,3.113,1.43,0.573,0.721,4.053,4.066,3.584,1.344,1.779,256.974,196.4,3.6,2019-12
68,1.405,3.189,1.361,5.505,2.94,1.538,0.573,0.773,4.197,3.993,3.603,1.389,1.911,257.208,196.5,3.6,2019-11
69,1.282,3.119,1.325,5.653,2.948,1.487,0.573,0.797,4.174,4.027,3.602,1.437,1.864,257.346,196.6,3.6,2019-10
70,1.383,3.102,1.296,5.571,2.93,1.514,0.569,0.793,4.306,3.885,3.587,1.502,1.799,256.759,195.9,3.5,2019-09
71,1.219,3.045,1.275,5.576,2.96,1.562,0.578,0.798,4.294,4.019,3.496,1.511,1.812,256.558,196.4,3.6,2019-08
72,1.243,3.031,1.281,5.701,2.975,1.59,0.569,0.801,4.313,4.001,3.468,1.559,1.823,256.571,197.5,3.7,2019-07
73,1.203,3.054,1.28,5.878,3.051,1.479,0.574,0.761,4.343,3.951,3.504,1.538,1.947,256.143,197.0,3.6,2019-06
74,1.362,2.963,1.289,5.812,3.092,1.463,0.579,0.767,4.267,4.023,3.352,1.409,2.079,256.092,199.1,3.6,2019-05
75,1.463,2.98,1.285,5.552,3.014,1.468,0.567,0.757,4.291,3.907,3.426,1.348,2.068,255.548,199.2,3.7,2019-04
76,1.544,2.944,1.261,5.608,3.048,1.486,0.581,0.762,4.285,3.831,3.311,1.291,2.227,254.202,197.4,3.8,2019-03
77,1.557,2.9,1.282,5.502,3.062,1.473,0.571,0.73,4.324,3.847,3.516,1.305,2.175,252.776,195.4,3.8,2019-02
78,1.554,2.913,1.274,5.518,3.063,1.466,0.576,0.712,4.327,3.727,3.466,1.339,2.057,251.712,194.3,4.0,2019-01
79,1.595,2.853,1.29,5.502,3.112,1.501,0.577,0.711,4.323,3.709,3.527,1.326,1.901,251.233,195.2,3.9,2018-12
80,1.596,2.877,1.274,5.392,3.052,1.444,0.566,0.685,4.373,3.745,3.527,1.315,1.826,252.038,198.4,3.8,2018-11
81,1.66,2.913,1.277,5.37,3.047,1.487,0.574,0.693,4.335,3.692,3.456,1.486,1.737,252.885,200.4,3.8,2018-10
82,1.651,2.89,1.288,5.501,2.896,1.511,0.573,0.705,4.545,3.701,3.451,1.59,1.887,252.439,198.9,3.7,2018-09
83,1.622,2.871,1.302,5.577,2.939,1.519,0.569,0.69,4.597,3.738,3.351,1.48,1.706,252.146,198.6,3.8,2018-08
84,1.725,2.839,1.293,5.418,3.116,1.514,0.575,0.689,4.622,3.786,3.481,1.453,1.675,252.006,198.5,3.8,2018-07
85,1.628,2.877,1.279,5.247,3.094,1.523,0.575,0.698,4.65,3.824,3.49,1.462,1.802,251.989,198.4,4.0,2018-06
86,1.987,2.919,1.293,5.452,3.076,1.511,0.575,0.685,4.583,3.688,3.4,1.346,1.868,251.588,197.7,3.8,2018-05
87,2.081,2.924,1.281,5.421,3.238,1.502,0.578,0.682,4.468,3.775,3.328,1.226,2.026,250.546,195.3,4.0,2018-04
88,1.831,2.903,1.309,5.527,3.142,1.478,0.582,0.691,4.281,3.728,3.579,1.174,2.336,249.554,194.0,4.0,2018-03
89,1.755,2.923,1.265,5.533,3.119,1.509,0.574,0.682,4.306,3.659,3.725,1.18,2.237,248.991,193.5,4.1,2018-02
90,1.769,2.961,1.281,5.654,3.073,1.47,0.568,0.711,4.309,3.668,3.681,1.191,1.933,247.867,192.6,4.0,2018-01
91,1.815,3.155,1.316,5.629,3.192,1.451,0.558,0.712,4.372,3.729,3.601,1.186,1.813,246.524,191.3,4.1,2017-12
92,1.506,3.15,1.295,5.708,3.13,1.484,0.551,0.723,4.316,3.775,3.639,1.169,1.828,246.669,191.2,4.2,2017-11
93,1.54,3.158,1.328,6.066,3.141,1.48,0.548,0.741,4.428,3.703,3.511,1.239,1.846,246.663,190.2,4.2,2017-10
94,1.422,3.209,1.349,6.366,3.185,1.489,0.544,0.753,4.481,3.801,3.494,1.412,1.952,246.819,189.6,4.3,2017-09
95,1.367,3.168,1.348,6.241,3.194,1.496,0.561,0.764,4.443,3.785,3.568,1.41,1.873,245.519,188.4,4.4,2017-08
96,1.333,3.219,1.327,5.819,3.189,1.497,0.565,0.752,4.428,3.866,3.467,1.365,1.867,244.786,187.3,4.3,2017-07
97,1.332,3.213,1.335,5.665,3.215,1.499,0.572,0.726,4.405,3.768,3.575,1.268,1.902,244.955,187.6,4.3,2017-06
98,1.414,3.242,1.327,5.699,3.208,1.444,0.564,0.686,4.447,3.645,3.506,1.186,1.943,244.733,187.3,4.4,2017-05
99,1.409,3.259,1.328,5.775,3.289,1.462,0.571,0.692,4.498,3.675,3.404,1.148,1.93,244.524,187.6,4.4,2017-04
100,1.404,3.315,1.329,5.745,3.291,1.473,0.571,0.695,4.486,3.59,3.346,1.176,2.048,243.801,186.7,4.4,2017-03
101,1.464,3.3,1.358,5.334,3.195,1.418,0.573,0.7,4.412,3.549,3.39,1.188,1.972,243.603,186.2,4.6,2017-02
102,1.599,3.318,1.351,5.18,3.218,1.463,0.573,0.693,4.609,3.621,3.397,1.194,1.984,242.839,185.6,4.7,2017-01
103,1.383,3.29,1.362,5.102,3.2,1.478,0.576,0.703,4.669,3.619,3.409,1.196,1.994,241.432,183.9,4.7,2016-12
104,1.321,3.28,1.362,5.106,3.263,1.502,0.573,0.697,4.808,3.703,3.366,1.229,1.786,241.353,183.2,4.7,2016-11
105,1.39,3.292,1.343,5.375,3.305,1.487,0.57,0.721,4.79,3.742,3.47,1.329,1.685,241.729,183.7,4.9,2016-10
106,1.471,3.229,1.329,5.481,3.244,1.426,0.575,0.729,4.686,3.791,3.3,1.514,1.635,241.428,183.0,5.0,2016-09
107,1.455,3.141,1.341,5.448,3.218,1.445,0.562,0.74,4.715,3.912,3.219,1.48,1.709,240.849,182.5,4.9,2016-08
108,1.546,3.062,1.349,5.454,3.21,1.408,0.567,0.734,4.99,3.807,3.217,1.493,1.695,240.628,183.4,4.8,2016-07
109,1.491,3.115,1.333,5.374,3.228,1.489,0.569,0.747,4.827,3.84,3.32,1.38,1.862,241.018,183.6,4.9,2016-06
110,1.684,3.157,1.382,5.552,3.25,1.496,0.57,0.703,4.91,3.902,3.423,1.274,1.941,240.229,181.9,4.8,2016-05
111,1.793,3.155,1.406,5.613,3.251,1.463,0.574,0.711,4.738,3.933,3.42,1.208,2.316,239.261,180.5,5.1,2016-04
112,2.081,3.187,1.416,5.494,3.271,1.478,0.586,0.707,4.59,3.929,3.4,1.165,2.528,238.132,179.3,5.0,2016-03
113,2.267,3.23,1.407,5.394,3.302,1.429,0.573,0.709,4.713,3.945,3.289,1.201,1.932,237.111,178.7,4.9,2016-02
114,2.328,3.313,1.425,5.656,3.251,1.437,0.581,0.711,5.032,4.019,3.33,1.185,1.977,236.916,179.7,4.8,2016-01
115,2.751,3.31,1.428,5.734,3.282,1.484,0.58,0.732,5.215,4.025,3.316,1.195,1.844,236.525,180.8,5.0,2015-12
116,2.664,3.299,1.409,5.847,3.35,1.43,0.575,0.69,5.167,4.082,3.413,1.246,1.775,237.336,182.9,5.1,2015-11
117,2.808,3.338,1.418,5.899,3.356,1.415,0.577,0.662,5.099,4.119,3.391,1.352,1.737,237.838,183.7,5.0,2015-10
118,2.966,3.392,1.432,5.734,3.377,1.428,0.58,0.669,4.67,4.195,3.366,1.508,1.777,237.945,184.3,5.0,2015-09
119,2.943,3.389,1.42,5.41,3.406,1.487,0.58,0.673,5.153,4.222,3.233,1.486,1.708,238.316,187.0,5.1,2015-08
120,2.57,3.43,1.447,5.184,3.378,1.515,0.581,0.691,5.204,4.266,3.305,1.467,1.74,238.654,188.5,5.2,2015-07
121,2.57,3.366,1.467,5.059,3.388,1.483,0.574,0.676,5.005,4.324,3.286,1.39,1.847,238.638,188.9,5.3,2015-06
122,1.962,3.387,1.463,4.94,3.408,1.539,0.582,0.67,5.002,4.308,3.212,1.299,1.819,237.805,188.2,5.6,2015-05
123,2.065,3.397,1.454,5.211,3.504,1.545,0.597,0.67,5.025,4.323,3.335,1.342,1.849,236.599,185.7,5.4,2015-04
124,2.133,3.463,1.44,5.367,3.522,1.55,0.593,0.689,4.948,4.364,3.486,1.261,2.089,236.119,186.2,5.4,2015-03
125,2.088,3.496,1.435,5.472,3.511,1.546,0.591,0.692,5.04,4.403,3.477,1.212,2.189,234.722,185.4,5.5,2015-02
126,2.113,3.758,1.479,5.589,3.438,1.541,0.583,0.7,5.149,4.375,3.428,1.146,1.948,233.707,185.0,5.7,2015-01
127,2.21,3.82,1.466,5.531,3.482,1.533,0.585,0.717,5.091,4.217,3.498,1.118,1.695,234.812,189.1,5.6,2014-12
128,2.032,3.858,1.42,5.574,3.527,1.549,0.592,0.723,5.214,4.26,3.641,1.129,1.546,236.151,192.7,5.8,2014-11
129,1.951,3.766,1.414,5.759,3.486,1.543,0.582,0.746,5.394,4.294,3.295,1.201,1.544,237.433,194.8,5.7,2014-10
130,1.97,3.732,1.405,5.953,3.481,1.572,0.606,0.737,5.588,4.201,3.333,1.328,1.633,238.031,196.8,5.9,2014-09
131,1.979,3.673,1.396,6.068,3.476,1.495,0.608,0.758,5.678,4.024,3.375,1.334,1.675,237.852,197.4,6.1,2014-08
132,1.95,3.645,1.413,6.009,3.444,1.503,0.606,0.742,5.674,3.917,3.456,1.377,1.629,238.25,197.4,6.2,2014-07
133,1.948,3.626,1.4,6.106,3.504,1.556,0.607,0.739,6.014,3.907,3.324,1.287,1.622,238.343,197.2,6.1,2014-06
134,1.996,3.735,1.401,6.048,3.474,1.53,0.603,0.75,5.742,3.849,3.391,1.147,1.632,237.9,197.2,6.3,2014-05
135,2.119,3.687,1.388,5.69,3.392,1.544,0.597,0.733,5.902,3.886,3.579,1.048,1.672,237.072,197.5,6.2,2014-04
136,2.061,3.669,1.359,5.552,3.468,1.504,0.597,0.732,5.921,3.745,3.424,0.981,1.702,236.293,196.2,6.7,2014-03
137,1.998,3.561,1.388,5.461,3.384,1.529,0.599,0.731,6.066,3.733,3.329,0.988,1.727,234.781,195.2,6.7,2014-02
138,2.008,3.552,1.365,5.563,3.427,1.52,0.595,0.735,5.888,3.586,3.279,0.998,1.7,233.916,194.2,6.6,2014-01
139,2.026,3.501,1.385,5.544,3.46,1.518,0.592,0.729,5.693,3.585,3.492,0.991,1.566,233.049,193.2,6.7,2013-12
140,1.925,3.491,1.382,5.615,3.45,1.543,0.587,0.734,5.693,3.61,3.781,1.035,1.509,233.069,192.7,6.9,2013-11
141,1.925,3.462,1.358,5.708,3.652,1.528,0.586,0.741,5.723,3.492,3.69,1.102,1.43,233.546,193.7,7.2,2013-10
142,1.897,3.428,1.419,5.68,3.608,1.489,0.601,0.737,5.582,3.445,3.599,1.254,1.47,234.149,194.3,7.2,2013-09
143,1.838,3.448,1.408,5.618,3.599,1.484,0.595,0.721,5.596,3.511,3.451,1.296,1.454,233.877,194.6,7.2,2013-08
144,1.833,3.449,1.434,5.494,3.55,1.509,0.602,0.723,5.513,3.423,3.63,1.283,1.46,233.596,194.0,7.3,2013-07
145,1.859,3.458,1.439,5.334,3.525,1.466,0.603,0.702,5.558,3.403,3.721,1.127,1.493,233.504,193.9,7.5,2013-06
146,1.87,3.441,1.401,5.092,3.429,1.473,0.603,0.724,5.382,3.461,3.428,1.032,1.497,232.945,194.0,7.5,2013-05
147,1.918,3.428,1.409,4.887,3.266,1.471,0.597,0.714,5.497,3.479,3.729,0.968,1.545,232.531,194.0,7.6,2013-04
148,1.925,3.431,1.412,4.909,3.226,1.456,0.609,0.708,5.437,3.417,3.774,0.91,1.594,232.773,194.5,7.5,2013-03
149,1.965,3.48,1.411,4.831,3.278,1.497,0.611,0.715,5.636,3.408,3.625,0.85,1.469,232.166,195.2,7.7,2013-02
150,1.933,3.526,1.422,4.722,3.381,1.482,0.609,0.714,5.511,3.406,3.728,0.852,1.443,230.28,192.6,8.0,2013-01
151,2.007,3.58,1.436,4.639,3.267,1.512,0.606,0.704,5.651,3.464,3.617,0.929,1.384,229.601,191.8,7.9,2012-12
152,1.963,3.536,1.418,4.64,3.412,1.53,0.6,0.685,5.766,3.46,3.755,0.983,1.44,230.221,192.6,7.7,2012-11
153,1.96,3.524,1.422,4.661,3.428,1.455,0.602,0.684,5.547,3.514,3.595,1.142,1.506,231.317,195.1,7.8,2012-10
154,1.889,3.469,1.401,4.692,3.117,1.433,0.597,0.683,5.234,3.482,3.346,1.386,1.492,231.407,195.4,7.8,2012-09
155,1.884,3.474,1.407,4.609,3.368,1.454,0.595,0.681,5.129,3.447,3.374,1.438,1.336,230.379,193.5,8.1,2012-08
156,1.648,3.428,1.427,4.365,3.36,1.39,0.604,0.681,5.101,3.449,3.64,1.268,1.388,229.104,191.2,8.2,2012-07
157,1.67,3.396,1.403,4.326,3.195,1.347,0.605,0.677,4.642,3.448,3.729,1.078,1.452,229.478,191.7,8.2,2012-06
158,1.691,3.427,1.412,4.385,3.123,1.401,0.599,0.696,4.218,3.379,3.689,1.014,1.433,229.815,193.6,8.2,2012-05
159,1.829,3.474,1.426,4.533,3.173,1.372,0.603,0.7,4.417,3.327,3.841,0.916,1.542,230.085,194.7,8.2,2012-04
160,1.774,3.499,1.395,4.6,3.183,1.356,0.607,0.718,4.146,3.366,3.483,0.926,1.531,229.392,194.3,8.2,2012-03
161,1.798,3.52,1.442,4.655,3.113,1.334,0.603,0.739,4.467,3.294,3.778,0.957,1.516,227.663,192.1,8.3,2012-02
162,1.939,3.583,1.423,4.571,3.145,1.34,0.604,0.729,4.175,3.292,3.64,0.989,1.465,226.665,191.1,8.3,2012-01
163,1.874,3.565,1.42,4.55,3.102,1.304,0.599,0.752,4.174,3.265,3.682,1.052,1.503,225.672,189.6,8.5,2011-12
164,1.836,3.557,1.399,4.637,3.147,1.312,0.598,0.767,3.935,3.197,3.62,1.021,1.42,226.23,190.6,8.6,2011-11
165,1.871,3.622,1.457,4.586,3.102,1.294,0.607,0.719,3.857,3.218,3.569,1.2,1.442,226.421,190.2,8.8,2011-10
166,1.947,3.715,1.477,4.819,3.217,1.296,0.607,0.715,3.697,3.105,3.349,1.281,1.559,226.889,191.5,9.0,2011-09
167,1.711,3.713,1.474,4.77,3.275,1.306,0.606,0.716,3.664,3.231,3.15,1.302,1.794,226.545,190.7,9.0,2011-08
168,1.647,3.654,1.513,4.755,3.253,1.305,0.611,0.755,3.641,3.272,3.346,1.242,2.27,225.922,191.7,9.0,2011-07
169,1.683,3.622,1.49,4.84,3.127,1.302,0.614,0.767,3.565,3.211,3.317,1.149,2.086,225.722,191.1,9.1,2011-06
170,1.692,3.653,1.472,4.77,3.111,1.261,0.617,0.734,3.736,3.277,3.219,1.096,1.832,225.964,191.9,9.0,2011-05
171,1.727,3.597,1.42,4.662,3.291,1.269,0.621,0.745,3.811,3.25,3.288,0.952,1.59,224.906,190.2,9.1,2011-04
172,1.732,3.503,1.415,4.537,3.218,1.266,0.621,0.747,3.669,3.151,3.219,0.871,1.591,223.467,187.3,9.0,2011-03
173,1.708,3.357,1.398,4.366,3.175,1.241,0.625,0.742,3.685,3.058,3.123,0.858,1.519,221.309,183.3,9.0,2011-02
174,1.806,3.301,1.401,4.25,3.209,1.28,0.596,0.728,3.607,2.991,3.298,0.87,1.502,220.223,181.1,9.1,2011-01
175,1.793,3.318,1.386,4.16,3.324,1.277,0.587,0.71,3.497,2.932,3.442,0.899,1.503,219.179,179.1,9.3,2010-12
176,1.675,3.327,1.375,4.697,3.339,1.302,0.581,0.714,3.529,2.949,3.347,0.932,1.405,218.803,178.2,9.8,2010-11
177,1.456,3.321,1.407,4.773,3.389,1.276,0.58,0.723,3.407,2.978,3.231,1.113,1.544,218.711,177.3,9.4,2010-10
178,1.753,3.278,1.386,4.574,3.311,1.254,0.573,0.743,3.308,2.915,3.217,1.262,1.586,218.439,175.5,9.5,2010-09
179,1.519,3.303,1.372,4.353,3.337,1.28,0.576,0.749,3.437,2.849,3.23,1.255,1.918,218.312,175.3,9.5,2010-08
180,1.441,3.313,1.36,4.213,3.309,1.239,0.583,0.739,3.475,2.936,3.173,1.222,2.132,218.011,174.7,9.4,2010-07
181,1.494,3.297,1.383,4.046,3.323,1.259,0.577,0.746,3.456,2.965,3.295,1.191,2.007,217.965,174.8,9.4,2010-06
182,1.523,3.178,1.359,3.862,3.241,1.23,0.571,0.759,3.288,2.921,3.271,1.06,1.765,218.178,176.1,9.6,2010-05
183,1.779,3.14,1.363,3.643,3.245,1.231,0.58,0.764,3.113,2.89,3.138,0.963,1.837,218.009,175.2,9.9,2010-04
184,1.822,3.188,1.368,3.669,3.261,1.265,0.575,0.759,3.158,2.824,3.134,0.91,1.961,217.631,173.9,9.9,2010-03
185,1.872,3.203,1.361,3.642,3.313,1.265,0.587,0.754,3.138,2.881,3.266,0.889,1.726,216.741,172.2,9.8,2010-02
186,1.789,3.236,1.36,3.63,3.251,1.267,0.586,0.751,3.173,2.825,3.28,0.912,1.595,216.687,173.1,9.8,2010-01
187,1.772,3.105,1.39,3.57,3.31,1.256,0.571,0.768,3.196,2.828,3.407,0.896,1.538,215.949,170.8,9.9,2009-12
188,1.705,3.034,1.373,3.498,3.318,1.244,0.561,0.751,3.154,2.797,3.167,0.934,1.528,216.33,170.7,9.9,2009-11
189,1.595,3.046,1.392,3.603,3.33,1.258,0.598,0.76,3.158,2.785,3.253,1.055,1.618,216.177,168.9,10.0,2009-10
190,1.627,2.981,1.34,3.592,3.285,1.287,0.605,0.752,3.349,2.782,3.092,1.428,1.604,215.969,168.6,9.8,2009-09
191,1.632,2.979,1.375,3.588,3.267,1.261,0.611,0.756,3.292,2.843,3.235,1.471,1.584,215.834,169.4,9.6,2009-08
192,1.495,2.992,1.391,3.64,3.32,1.282,0.616,0.766,3.301,2.8,3.12,1.452,1.591,215.351,167.1,9.5,2009-07
193,1.529,3.009,1.385,3.621,3.398,1.304,0.617,0.773,3.174,2.873,3.248,1.291,1.511,215.693,168.4,9.5,2009-06
194,1.501,3.068,1.413,3.663,3.342,1.296,0.622,0.757,3.232,2.876,3.221,1.136,1.556,213.856,165.8,9.4,2009-05
195,1.774,3.084,1.395,3.581,3.388,1.301,0.629,0.774,4.944338461538461,2.994,3.135,1.008,1.661,213.24,164.2,9.0,2009-04
196,1.693,3.116,1.41,3.59,3.405,1.29,0.634,0.783,4.944338461538461,2.976,3.056,0.931,1.734,212.709,162.9,8.7,2009-03
197,1.795,3.319,1.404,3.62,3.326,1.292,0.641,0.797,4.944338461538461,3.019,3.035,0.898,1.722,212.193,163.9,8.3,2009-02
198,1.85,3.575,1.381,3.73,3.299,1.305,0.629,0.813,4.944338461538461,2.961,3.114,0.887,1.611,211.143,164.7,7.8,2009-01
199,1.834,3.681,1.415,3.67,3.284,1.304,0.617,0.82,4.944338461538461,2.999,3.048,0.905,1.591,210.228,164.1,7.3,2008-12
200,1.838,3.734,1.377,3.597,3.344,1.205,0.626,0.856,4.944338461538461,2.987,3.112,0.905,1.694,212.425,169.4,6.8,2008-11
201,1.858,3.656,1.393,3.745,3.343,1.214,0.629,0.853,4.944338461538461,2.956,3.026,1.079,1.713,216.573,176.8,6.5,2008-10
202,1.978,3.773,1.379,3.725,3.359,1.223,0.631,0.854,4.944338461538461,2.981,2.95,1.542,1.814,218.783,182.9,6.1,2008-09
203,1.854,3.886,1.381,3.842,3.445,1.191,0.634,0.795,4.944338461538461,2.964,2.902,1.503,1.675,219.086,182.6,6.1,2008-08
204,2.011,3.961,1.384,3.605,3.42,1.181,0.627,0.753,4.944338461538461,2.785,2.993,1.5,1.773,219.964,185.6,5.8,2008-07
205,1.92,3.773,1.373,3.655,3.403,1.194,0.633,0.704,4.944338461538461,2.835,2.875,1.321,1.835,218.815,182.0,5.6,2008-06
206,1.93,3.76,1.37,3.637,3.452,1.176,0.63,0.608,4.944338461538461,2.798,2.87,1.268,1.735,216.632,179.4,5.4,2008-05
207,2.069,3.799,1.373,3.554,3.502,1.168,0.627,0.584,4.944338461538461,2.829,2.78,1.243,2.032,214.823,175.3,5.0,2008-04
208,2.203,3.781,1.35,3.623,3.372,1.159,0.597,0.583,4.944338461538461,2.832,2.734,1.301,2.147,213.528,173.4,5.1,2008-03
209,2.168,3.869,1.321,3.62,3.48,1.163,0.54,0.568,4.944338461538461,2.791,2.682,1.375,1.851,211.693,169.6,4.9,2008-02
210,2.175,3.871,1.281,3.652,3.392,1.166,0.521,0.551,4.944338461538461,2.725,2.642,1.092,1.649,211.08,168.5,5.0,2008-01
211,2.099,3.87,1.28,3.688,3.376,1.161,0.525,0.544,4.944338461538461,2.702,2.719,0.958,1.496,210.036,166.9,5.0,2007-12
212,1.862,3.904,1.235,3.656,3.459,1.135,0.515,0.555,4.944338461538461,2.738,2.748,1.2,1.485,210.177,168.0,4.7,2007-11
213,1.771,3.838,1.274,3.883,3.421,1.142,0.508,0.546,4.944338461538461,2.705,2.696,1.423,1.486,208.936,164.5,4.7,2007-10
214,1.825,3.841,1.212,3.784,3.528,1.145,0.505,0.551,4.944338461538461,2.744,2.671,1.483,1.51,208.49,163.7,4.7,2007-09
215,1.634,3.807,1.21,3.798,3.589,1.13,0.506,0.547,4.944338461538461,2.695,2.65,1.27,1.685,207.917,163.0,4.6,2007-08
216,1.502,3.736,1.209,3.723,3.509,1.134,0.509,0.529,4.944338461538461,2.734,2.748,1.119,1.63,208.299,164.9,4.7,2007-07
217,1.373,3.427,1.193,3.657,3.513,1.118,0.512,0.544,4.944338461538461,2.739,2.67,0.99,1.555,208.352,163.7,4.6,2007-06
218,1.504,3.259,1.192,3.651,3.486,1.115,0.503,0.556,4.944338461538461,2.766,2.685,0.876,1.644,207.949,163.8,4.4,2007-05
219,1.616,3.135,1.201,3.496,3.371,1.064,0.517,0.548,4.944338461538461,2.676,2.681,0.888,1.621,206.686,162.2,4.5,2007-04
220,1.634,3.072,1.161,3.464,3.337,1.039,0.51,0.554,4.944338461538461,2.628,2.678,0.915,1.639,205.352,160.1,4.4,2007-03
221,1.746,3.083,1.168,3.566,3.259,1.033,0.507,0.563,4.944338461538461,2.639,2.645,0.837,1.784,203.499,157.7,4.5,2007-02
222,1.549,3.067,1.153,3.51,3.274,1.057,0.505,0.555,4.944338461538461,2.63,2.868,1.2833243243243244,2.188,202.416,156.4,4.6,2007-01
223,1.543,3.004,1.137,3.458,3.284,1.049,0.499,0.555,4.944338461538461,2.606,2.913,1.2833243243243244,1.908,201.8,156.9,4.4,2006-12
224,1.354,2.985,1.143,3.444,3.288,1.038,0.498,0.568,4.944338461538461,2.564,2.851,1.2833243243243244,1.488,201.5,156.4,4.5,2006-11
225,1.257,3.064,1.097,3.61,3.28,1.063,0.489,0.55,4.944338461538461,2.542,3.012,1.2833243243243244,1.479,201.8,155.9,4.4,2006-10
226,1.254,3.049,1.083,3.552,3.397,1.048,0.479,0.565,4.944338461538461,2.508,3.041,1.2833243243243244,1.457,202.9,156.8,4.5,2006-09
227,1.244,3.019,1.088,3.559,3.357,1.04,0.492,0.561,4.944338461538461,2.543,3.091,1.2833243243243244,1.543,203.9,159.8,4.7,2006-08
228,1.213,3.083,1.071,3.508,3.209,1.055,0.508,0.549,4.944338461538461,2.459,3.074,1.2833243243243244,1.573,203.5,159.4,4.7,2006-07
229,1.242,3.001,1.074,3.399,3.277,1.034,0.511,0.549,4.944338461538461,2.543,3.021,1.2833243243243244,1.649,202.9,159.5,4.6,2006-06
230,1.206,3.066,1.086,3.309,3.236,1.054,0.514,0.538,4.944338461538461,2.508,2.797,1.2833243243243244,1.91,202.5,158.5,4.6,2006-05
231,1.283,3.123,1.072,3.343,3.308,1.047,0.508,0.534,4.944338461538461,2.599,2.608,1.2833243243243244,2.162,201.5,157.2,4.7,2006-04
232,1.302,3.161,1.04,3.396,3.295,1.045,0.508,0.534,4.944338461538461,2.568,2.693,1.2833243243243244,1.7891724137931035,199.8,155.0,4.7,2006-03
233,1.328,3.224,1.029,3.385,3.341,1.062,0.508,0.532,4.944338461538461,2.556,2.739,1.2833243243243244,1.7891724137931035,198.7,153.5,4.8,2006-02
234,1.449,3.197,1.046,3.364,3.307,1.484568376068376,0.49,0.7611666666666667,4.944338461538461,2.607,2.764,1.2833243243243244,1.7891724137931035,198.3,154.1,4.7,2006-01
