,CO2 Emission from Petroleum Products,year_month
0,192.0071,2026-12
1,186.0053,2026-11
2,192.639,2026-10
3,185.4467,2026-09
4,194.7243,2026-08
5,195.7259,2026-07
6,188.693,2026-06
7,194.9033,2026-05
8,184.9614,2026-04
9,192.1786,2026-03
10,170.6246,2026-02
11,186.5007,2026-01
12,191.9882,2025-12
13,185.5297,2025-11
14,193.682,2025-10
15,186.1097,2025-09
16,194.8495,2025-08
17,194.6031,2025-07
18,187.0698,2025-06
19,195.8411,2025-05
20,184.5392,2025-04
21,190.7916,2025-03
22,170.6343,2025-02
23,187.7991,2025-01
24,191.4379,2024-12
25,186.7361,2024-11
26,193.2094951,2024-10
27,180.3685039,2024-09
28,191.3488746,2024-08
29,193.6050352,2024-07
30,181.6266147,2024-06
31,194.9690603,2024-05
32,184.6877612,2024-04
33,185.696817,2024-03
34,173.2585259,2024-02
35,183.9185117,2024-01
36,187.5441285,2023-12
37,190.023434,2023-11
38,194.1635488,2023-10
39,184.0865967,2023-09
40,196.8267261,2023-08
41,185.1268907,2023-07
42,188.9478718,2023-06
43,190.3035834,2023-05
44,183.5670568,2023-04
45,194.4956304,2023-03
46,172.4601118,2023-02
47,183.3241898,2023-01
48,186.3871225,2022-12
49,187.7720268,2022-11
50,190.0837315,2022-10
51,186.8820062,2022-09
52,194.2497034,2022-08
53,188.2325618,2022-07
54,187.1980229,2022-06
55,189.7999207,2022-05
56,182.3884703,2022-04
57,196.3015336,2022-03
58,175.2144114,2022-02
59,185.7480905,2022-01
60,195.966762,2021-12
61,190.7930145,2021-11
62,193.6279837,2021-10
63,185.6664054,2021-09
64,195.765063,2021-08
65,190.2536644,2021-07
66,188.5222743,2021-06
67,189.9673496,2021-05
68,183.3660111,2021-04
69,186.0079687,2021-03
70,157.1346846,2021-02
71,177.7519216,2021-01
72,176.5499075,2020-12
73,170.2988717,2020-11
74,176.4906855,2020-10
75,170.2624218,2020-09
76,177.2675772,2020-08
77,172.9817972,2020-07
78,158.7972043,2020-06
79,149.822096,2020-05
80,132.8901694,2020-04
81,178.7223485,2020-03
82,185.1995973,2020-02
83,194.2390018,2020-01
84,200.5698337,2019-12
85,196.8396033,2019-11
86,202.5016126,2019-10
87,189.9087463,2019-09
88,207.9865182,2019-08
89,202.5309043,2019-07
90,197.7879716,2019-06
91,201.6961358,2019-05
92,193.8554564,2019-04
93,199.8969986,2019-03
94,177.629374,2019-02
95,202.6928498,2019-01
96,199.3237576,2018-12
97,197.412976,2018-11
98,204.7496773,2018-10
99,190.3208895,2018-09
100,208.930817,2018-08
101,201.3968867,2018-07
102,198.0725361,2018-06
103,200.2498687,2018-05
104,192.7461354,2018-04
105,204.9652884,2018-03
106,175.4611466,2018-02
107,203.6933046,2018-01
108,202.0135293,2017-12
109,195.3495285,2017-11
110,197.0273287,2017-10
111,189.3920042,2017-09
112,201.1719541,2017-08
113,198.1081867,2017-07
114,195.6619622,2017-06
115,199.293638,2017-05
116,188.3089377,2017-04
117,199.5842706,2017-03
118,172.3524067,2017-02
119,193.2524481,2017-01
120,200.6926389,2016-12
121,190.6618101,2016-11
122,194.5383293,2016-10
123,188.5014965,2016-09
124,201.425502,2016-08
125,194.1260773,2016-07
126,190.1090466,2016-06
127,190.7735557,2016-05
128,187.7608115,2016-04
129,197.7630877,2016-03
130,185.8593685,2016-02
131,190.1305173,2016-01
132,194.3098718,2015-12
133,183.4298888,2015-11
134,192.516249,2015-10
135,185.7991948,2015-09
136,196.9047072,2015-08
137,199.5376997,2015-07
138,190.3288699,2015-06
139,192.9672254,2015-05
140,187.1689023,2015-04
141,195.6995951,2015-03
142,177.9184828,2015-02
143,193.3471633,2015-01
144,193.6913566,2014-12
145,187.4123347,2014-11
146,196.8554874,2014-10
147,184.9132082,2014-09
148,191.2463095,2014-08
149,192.5181505,2014-07
150,182.7772039,2014-06
151,188.1575083,2014-05
152,184.8179375,2014-04
153,185.0592924,2014-03
154,171.9270926,2014-02
155,192.1991973,2014-01
156,187.0850389,2013-12
157,187.6761852,2013-11
158,189.8608198,2013-10
159,184.1321166,2013-09
160,189.9329933,2013-08
161,191.1112955,2013-07
162,181.0597069,2013-06
163,188.7582985,2013-05
164,179.850103,2013-04
165,185.9720397,2013-03
166,167.790152,2013-02
167,188.0845647,2013-01
168,181.8728604,2012-12
169,181.2180459,2012-11
170,186.572913,2012-10
171,175.0495393,2012-09
172,191.4786617,2012-08
173,185.2192518,2012-07
174,183.6473858,2012-06
175,186.1228682,2012-05
176,177.7101823,2012-04
177,183.7957068,2012-03
178,176.8585643,2012-02
179,185.5063052,2012-01
180,188.8362417,2011-12
181,186.7445496,2011-11
182,189.7890823,2011-10
183,184.7851854,2011-09
184,195.0270291,2011-08
185,188.135823,2011-07
186,187.8989498,2011-06
187,187.1944774,2011-05
188,184.1529249,2011-04
189,196.2843392,2011-03
190,172.9839279,2011-02
191,193.2126256,2011-01
192,202.0772276,2010-12
193,188.5887963,2010-11
194,191.9717746,2010-10
195,191.3274219,2010-09
196,198.757649,2010-08
197,195.2511296,2010-07
198,191.9199755,2010-06
199,193.1860472,2010-05
200,190.6092961,2010-04
201,196.4193521,2010-03
202,173.7712124,2010-02
203,190.0034371,2010-01
204,198.5174431,2009-12
205,183.1012271,2009-11
206,191.2912737,2009-10
207,183.8019715,2009-09
208,192.2783973,2009-08
209,189.925625,2009-07
210,187.9498443,2009-06
211,188.9338148,2009-05
212,188.6189468,2009-04
213,196.3683816,2009-03
214,178.9647334,2009-02
215,203.7322815,2009-01
216,205.3160806,2008-12
217,194.5093195,2008-11
218,206.9777986,2008-10
219,182.2461051,2008-09
220,198.745048,2008-08
221,202.0308196,2008-07
222,197.1170789,2008-06
223,207.4547383,2008-05
224,203.2871084,2008-04
225,209.4494651,2008-03
226,197.417851,2008-02
227,213.3646185,2008-01
228,220.9998065,2007-12
229,210.6992661,2007-11
230,215.2540656,2007-10
231,208.284325,2007-09
232,222.8702619,2007-08
233,218.0071174,2007-07
234,211.5574034,2007-06
235,220.1221126,2007-05
236,212.3909088,2007-04
237,221.184978,2007-03
238,207.2064084,2007-02
239,218.8396054,2007-01
240,226.5605777,2006-12
241,212.4962288,2006-11
242,220.1896519,2006-10
243,210.3794856,2006-09
244,226.7536081,2006-08
245,218.8679386,2006-07
246,215.1121156,2006-06
247,216.6684022,2006-05
248,209.8062673,2006-04
249,222.8746001,2006-03
250,200.1842314,2006-02
251,221.8283307,2006-01
