,year_month,Cpi Values Linear Regression Forecast,Cpi Values Seasonal Naives Forecast,Cpi Values XGBoost Forecast,Cpi Values SARIMA Forecast,Cpi Values SARIMA & XGBoost Forecast,year_month,PPI Values Linear Regression Forecast,PPI Values Seasonal Naives Forecast,PPI Values XGBoost Forecast,PPI Values SARIMA Forecast,PPI Values SARIMA & XGBoost Forecast,year_month,Unemployment Linear Regression Forecast,Unemployment Seasonal Naives Forecast,Unemployment XGBoost Forecast,Unemployment SARIMA Forecast,Unemployment SARIMA & XGBoost Forecast,year_month,Unleaded Gasoline Linear Regression Forecast,Unleaded Gasoline Seasonal Naives Forecast,Unleaded Gasoline XGBoost Forecast,Unleaded Gasoline SARIMA Forecast,Unleaded Gasoline SARIMA & XGBoost Forecast,year_month,UK Brent Prices Linear Regression Forecast,UK Brent Prices Seasonal Naives Forecast,UK Brent Prices XGBoost Forecast,UK Brent Prices SARIMA Forecast,UK Brent Prices SARIMA & XGBoost Forecast,year_month,WTI Prices Linear Regression Forecast,WTI Prices Seasonal Naives Forecast,WTI Prices XGBoost Forecast,WTI Prices SARIMA Forecast,WTI Prices SARIMA & XGBoost Forecast
0,2025-02,318.21522383049296,310.5369758985919,310.48489200335456,319.4748706641712,319.45636928930065,2025-02,248.70837134406324,248.05006851087134,248.52953818144127,250.36257221712015,250.52534846378705,2025-02,4.0040805433120985,3.9164354649310122,4.226289618630755,3.957131282893215,3.9536775262106403,2025-02,3.1058927406711447,3.5741057084648964,3.4342867186948647,3.2397182471815276,3.2429809381484764,2025-02,77.19833696467224,83.420542794667,84.52583772377588,81.01918567584124,81.00150751375821,2025-02,72.39595115389852,78.97807140641714,78.62610834391782,77.73767666730282,77.71591665062306
1,2025-03,320.2111575560634,311.2412280224278,312.09679541280934,320.90108713432573,320.92894645332717,2025-03,249.9330059634808,248.02297717288533,249.4806910962917,251.34470289075128,251.29466379680983,2025-03,3.9915855778535683,3.9309054344121326,4.1489434528255895,3.9139150067060378,3.910461250023463,2025-03,3.3260885827397426,3.546324368659069,3.6462693869211904,3.2373373397778256,3.2707502395998223,2025-03,78.89233796646343,82.77666058691759,88.96651017806691,81.54556552641388,81.52788736433085,2025-03,76.28331244673045,78.45101015548862,83.40555286788565,78.4432865327739,78.42152651609413
2,2025-04,321.37865771279996,311.9603294773799,313.17193790126834,322.1672770584397,322.14877568356917,2025-04,251.6580416224388,248.05044405411536,251.0005340026823,252.22347849178792,252.38625473845482,2025-04,3.9857764700361757,3.940892612855854,3.0634602722199817,3.870351171438468,3.8668974147558934,2025-04,3.506689122624297,3.5229311343791303,3.8440254037935406,3.2349064831751355,3.268319382997132,2025-04,82.81422761956291,82.21894960742814,92.25923367590113,81.66277578724795,81.64509762516492,2025-04,79.92119648776423,78.01025163112128,86.84231814727096,78.68768053376134,78.66592051708157
3,2025-05,321.82592125531943,312.68273611672305,314.1161515665991,323.134624792156,323.1624841111574,2025-05,248.80377348913547,248.09465230315072,249.02074097054427,252.4850446264734,252.3449915777435,2025-05,4.08263765075061,3.952551018052776,3.5063581782682194,3.8264397770905063,3.8810428135835693,2025-05,3.461014294134591,3.5007246954276936,3.88243806791645,3.232425677373458,3.2658385771954546,2025-05,73.6835093974139,81.68874206069526,85.68158353894113,81.64235116549024,81.62467300340721,2025-05,73.91422045385568,77.6001260893886,81.47998243995316,78.767097848634,78.74533783195423
4,2025-06,321.84566527079846,313.4046043620635,314.63237797853054,324.0481813842403,324.07604070324174,2025-06,247.44338423173295,248.14268941670684,248.06779342587276,252.90819669349125,252.94299086762598,2025-06,4.184550905072135,3.965445688148635,3.778412187515315,3.7821808236621517,3.778727066979577,2025-06,3.273892644453149,3.478663402283734,3.8178318952284522,3.2298949223727926,3.2633078221947893,2025-06,72.98265751968506,81.15984342420015,85.36213989389769,81.57491090099953,81.5572327389165,2025-06,72.80363462821136,77.19538426445519,80.16970426269009,78.78716229853211,78.76540228185235
5,2025-07,322.1276284351758,314.1248851755882,314.793291382864,324.9683359482637,324.94983457339316,2025-07,249.2155074277292,248.19071583709018,248.85547060055214,253.7055454292568,253.8683216759237,2025-07,4.294192653563451,3.9784474310149234,3.912151494082854,3.7375743111534048,3.73412055447083,2025-07,3.2558171484354417,3.45645612960727,3.7757744725413795,3.2273142181731393,3.260727117995136,2025-07,74.52595394842479,80.62361488894072,87.6321220041444,81.49069734002637,81.47301917794334,2025-07,73.87305647443806,76.78715508452316,81.12941259475342,78.78553396492664,78.76377394824688
6,2025-08,322.3217157804944,314.84359381820906,315.19442133583783,326.00179901661267,326.0296583356141,2025-08,248.19105320568914,248.2378121879007,249.19444308294223,254.15798879911287,254.01793575038297,2025-08,4.313540654777142,3.9905973211211014,4.214511577297345,3.6926202395642655,3.689166482881691,2025-08,3.1130008412049794,3.4340707416014498,3.7083775409611364,3.2246835647744985,3.258096464596495,2025-08,68.35351275287945,80.07718717023072,84.3805770633574,81.39980325655748,81.38212509447445,2025-08,67.79178452246518,76.3717090678546,79.12712902989611,78.77564051707904,78.75388050039928
7,2025-09,322.8029483969196,315.5611620680253,315.7133739469413,327.0119052879556,327.039764606957,2025-09,245.07517316205806,248.2838475186772,248.3826338861647,254.34832059433813,254.38630857905503,2025-09,4.243824088542751,4.001122444037807,4.221656737550474,3.647318608894734,3.6438648522121593,2025-09,2.8947181399725457,3.411573589958818,3.5756675707275964,3.22200296217687,3.2554158619988667,2025-09,60.729799169032944,79.51996163065303,82.03138142261793,81.30559691064455,81.28791874856152,2025-09,60.477110474751036,75.94743836512947,77.13072577370893,78.76226957877428,78.74050956209452
8,2025-10,323.1921536439341,316.27827267343133,315.8832791167291,327.85382052512693,327.88167984412837,2025-10,245.77096668522663,248.3296934124914,247.72830784969878,254.99093580688134,255.15371205354825,2025-10,4.28573646913982,4.009478657619764,4.352505784772032,3.6016694191448098,3.598215662462235,2025-10,2.7911155623237183,3.389096544288213,3.4863920026572783,3.2192724103802535,3.25268531020225,2025-10,61.232244365373234,78.95359585388802,82.30243160981463,81.20920239124383,81.1915242291608,2025-10,61.48927777944722,75.51513878820994,77.24317916453481,78.74712817310476,78.72536815642499
9,2025-11,323.10321624116153,316.99576013817307,315.3979535288629,328.49786919648557,328.525728515487,2025-11,245.1659573416355,248.37748152497016,246.7981925807473,255.46267583408596,255.32262278535606,2025-11,4.439581566671296,4.015361752509259,4.334657387751617,3.555672670314493,3.5522189136319184,2025-11,2.6579842797503925,3.3668290399939225,3.30068367449455,3.2164919093846494,3.249904809206646,2025-11,59.05791007279323,78.38257268912061,78.21596698010015,81.11099484040554,81.09331667832251,2025-11,58.870710213368284,75.07870668065371,72.4862960436934,78.73082493766793,78.70906492098817
10,2025-12,323.35557020867697,317.7144542404223,315.1449166793353,329.2759563361658,329.3038156551672,2025-12,244.6191150659135,248.42984287648505,244.22193948017062,255.92848189614298,255.7884288474131,2025-12,4.405296400807726,4.0186995637990055,4.279407609892424,3.5093283624037843,3.5058746057212096,2025-12,2.5903566294316676,3.3449850660806386,3.1273987910707666,3.2136614591900576,3.2470743590120543,2025-12,57.89119031597396,77.8130227711506,74.63276214659408,81.01109945423364,80.99342129215061,2025-12,58.61942292053581,74.64381473527273,69.03950508500238,78.7135768816693,78.69181686498953
11,2026-01,325.6222462190204,318.4349821669449,317.22431856666003,330.86509837591717,330.8929576949186,2026-01,247.233018877827,248.4890804172141,246.81100578200716,256.76555970745164,256.92833595411855,2026-01,4.382453995615979,4.01957671585831,4.152603714750667,3.462636495412683,3.4591827387301084,2026-01,2.6282729529864746,3.323744572178864,3.058928060125428,3.2107810597964783,3.244193959618475,2026-01,62.84014584511185,77.25068005290382,80.81688787521269,80.90955801440644,80.89187985232341,2026-01,63.970357231831244,74.2158772570825,73.06331972241834,78.69546137955213,78.67370136287236
