DATE,OECD_Production_Production,US_Production,Canada_Production,Mexico_Production,Other_OECD_Production,Non_OECD_Production,OPEC_Production,Crude_Oil_Portion_Production,Eurasia_Production,China_Production,Other_Non-OECD_Production,Total_World_Production,OECD_Consumption,US_Consumption,Canada_Consumption,Europe_Consumption,Japan_Consumption,Other_OECD_Consumption,Non_OECD_Consumption,Eurasia_Consumption,Europe_Consumption,China_Consumption,Other_Asia_Consumption,Other_Non_OECD_Consumption,Total_World_Consumption
1997-01-01,23.46,9.23,2.64,3.32,8.26,49.98,28.25,25.71,7.09,3.29,11.35,73.43,48.27,18.56,1.83,15.66,6.22,5.82,25.65,3.99,0.7,3.47,6.65,10.83,73.91
1997-02-01,23.74,9.52,2.67,3.36,8.19,50.21,28.51,25.96,7.02,3.32,11.36,73.96,48.33,18.4,1.86,15.52,6.67,5.73,25.65,3.99,0.7,3.47,6.65,10.83,73.97
1997-03-01,23.48,9.42,2.66,3.37,8.03,50.45,28.72,26.16,7.07,3.3,11.36,73.93,46.01,17.86,1.77,14.56,6.08,5.57,25.65,3.99,0.7,3.47,6.65,10.83,71.66
1997-04-01,23.48,9.41,2.53,3.32,8.21,50.92,28.97,26.4,7.21,3.31,11.42,74.39,46.91,18.56,1.73,15.68,5.25,5.53,25.66,3.72,0.66,3.55,6.71,11.02,72.58
1997-05-01,23.08,9.5,2.43,3.38,7.77,50.67,28.71,26.14,7.22,3.36,11.38,73.75,45.02,18.29,1.83,14.45,5.03,5.25,25.66,3.72,0.66,3.55,6.71,11.02,70.68
1997-06-01,22.79,9.46,2.53,3.39,7.4,50.16,28.28,25.72,7.22,3.3,11.36,72.95,46.26,18.62,1.9,15.4,5.08,5.11,25.66,3.72,0.66,3.55,6.71,11.02,71.92
1997-07-01,23.39,9.47,2.59,3.42,7.91,50.07,28.3,25.74,7.24,3.27,11.26,73.46,47.55,19.11,2,15.67,5.4,5.21,25.61,3.64,0.62,3.62,6.55,11.18,73.15
1997-08-01,23.06,9.41,2.62,3.46,7.57,51.3,29.44,26.86,7.27,3.27,11.32,74.37,45.94,18.57,1.97,14.46,5.35,5.45,25.61,3.64,0.62,3.62,6.55,11.18,71.55
1997-09-01,23.51,9.56,2.66,3.54,7.75,51.3,29.44,26.87,7.28,3.28,11.29,74.81,47.48,18.56,1.88,16.03,5.37,5.48,25.61,3.64,0.62,3.62,6.55,11.18,73.08
1997-10-01,23.9,9.52,2.71,3.51,8.16,51.43,29.59,27.01,7.28,3.28,11.28,75.33,48.18,19.07,1.93,16.01,5.36,5.65,26.33,3.83,0.66,3.9,6.74,11.2,74.51
1997-11-01,23.84,9.46,2.73,3.5,8.15,51.33,29.35,26.78,7.27,3.24,11.47,75.17,47.48,18.58,1.84,15.44,5.68,5.79,26.33,3.83,0.66,3.9,6.74,11.2,73.81
1997-12-01,24.09,9.57,2.75,3.49,8.28,50.97,29,26.42,7.21,3.17,11.58,75.06,49.93,19.25,1.9,15.94,6.4,6.26,26.33,3.83,0.66,3.9,6.74,11.2,76.26
1998-01-01,23.96,9.63,2.65,3.48,8.21,52.53,30.12,27.44,7.3,3.34,11.77,76.49,46.95,18.36,1.84,15.21,6.06,5.32,26.17,3.83,0.7,3.92,6.55,11.18,73.12
1998-02-01,23.95,9.55,2.69,3.57,8.14,52.94,30.57,27.89,7.32,3.26,11.79,76.9,48.37,18.32,1.9,16.07,6.41,5.52,26.17,3.83,0.7,3.92,6.55,11.18,74.55
1998-03-01,23.75,9.44,2.67,3.59,8.05,52.96,30.56,27.88,7.28,3.27,11.85,76.71,48.17,18.68,1.85,16.1,5.86,5.48,26.17,3.83,0.7,3.92,6.55,11.18,74.35
1998-04-01,23.95,9.56,2.7,3.57,8.12,52.65,30.47,27.8,7.18,3.24,11.75,76.6,46.43,19.05,1.78,15.18,5.04,5.26,26.37,3.57,0.65,4.1,6.71,11.34,72.8
1998-05-01,23.34,9.43,2.59,3.59,7.74,52.63,30.4,27.74,7.08,3.31,11.83,75.97,44.42,18.37,1.72,14.33,4.76,5.06,26.37,3.57,0.65,4.1,6.71,11.34,70.79
1998-06-01,23.38,9.33,2.61,3.48,7.96,52.28,29.86,27.22,7.24,3.36,11.82,75.66,47.11,19.18,1.83,15.69,4.97,5.28,26.37,3.57,0.65,4.1,6.71,11.34,73.48
1998-07-01,23.19,9.02,2.76,3.51,7.89,52.02,29.73,27.1,7.23,3.3,11.76,75.21,47.75,19.47,1.84,15.81,5.27,5.2,26.24,3.5,0.61,3.99,6.62,11.52,73.98
1998-08-01,22.74,9.24,2.75,3.53,7.24,51.75,29.45,26.83,7.22,3.28,11.8,74.5,46.77,19.34,1.88,14.98,5.24,5.17,26.24,3.5,0.61,3.99,6.62,11.52,73.01
1998-09-01,22.64,8.76,2.76,3.35,7.77,51.88,29.54,26.91,7.25,3.32,11.77,74.52,47.19,18.9,1.94,15.92,5.05,5.24,26.24,3.5,0.61,3.99,6.62,11.52,73.42
1998-10-01,22.85,9.13,2.76,3.21,7.74,51.84,29.4,26.78,7.3,3.25,11.89,74.68,47.49,19.19,1.98,15.78,5.04,5.31,27.1,3.68,0.66,4.46,6.84,11.46,74.59
1998-11-01,23.41,9.27,2.74,3.59,7.81,52.27,29.67,27.05,7.26,3.34,12,75.68,48.31,18.67,1.92,16.39,5.57,5.6,27.1,3.68,0.66,4.46,6.84,11.46,75.41
1998-12-01,23.28,9,2.74,3.56,7.98,52.09,29.41,26.79,7.37,3.32,12,75.37,50.35,19.42,1.9,16.61,6.34,5.95,27.1,3.68,0.66,4.46,6.84,11.46,77.45
1999-01-01,23.01,8.85,2.63,3.61,7.92,52.65,29.64,26.9,7.49,3.34,12.17,75.66,47.62,19.03,1.89,15.09,5.83,5.63,26.91,3.82,0.64,4.24,6.97,11.23,74.52
1999-02-01,23.05,8.92,2.6,3.5,8.02,53.05,30.16,27.42,7.41,3.35,12.13,76.1,50.14,19.11,1.97,16.72,6.41,5.78,27.11,3.82,0.64,4.24,7.18,11.23,77.25
1999-03-01,22.7,8.77,2.54,3.53,7.86,52.99,29.93,27.17,7.56,3.33,12.17,75.69,50.59,19.5,1.91,16.93,6.14,5.91,27.03,3.82,0.64,4.24,7.09,11.23,77.62
1999-04-01,22.66,8.88,2.53,3.36,7.89,51.62,28.68,25.98,7.56,3.3,12.08,74.28,46.86,19.15,1.84,14.93,5.38,5.43,27.18,3.57,0.6,4.48,7.22,11.31,74.04
1999-05-01,22.62,8.92,2.61,3.39,7.7,51.49,28.62,25.91,7.58,3.3,12,74.11,44.9,18.71,1.9,14.17,4.84,5.12,27.14,3.57,0.6,4.48,7.18,11.31,72.04
1999-06-01,22.06,8.88,2.62,3.25,7.31,50.99,28.1,25.4,7.57,3.3,12.02,73.05,47.71,19.83,1.95,15.32,5.02,5.41,27.19,3.57,0.6,4.48,7.23,11.31,74.9
1999-07-01,22.93,8.88,2.69,3.37,7.99,51.74,28.64,25.94,7.71,3.37,12.02,74.67,47.5,19.82,2,15.02,5.14,5.36,26.95,3.5,0.56,4.2,7.21,11.49,74.45
1999-08-01,22.65,8.97,2.65,3.28,7.77,51.94,28.89,26.18,7.7,3.28,12.08,74.6,47.7,20.09,1.99,14.76,5.33,5.35,26.87,3.5,0.56,4.2,7.12,11.49,74.57
1999-09-01,22.72,9.05,2.56,3.28,7.83,51.99,28.91,26.2,7.7,3.26,12.12,74.71,48.2,19.49,2.05,15.61,5.41,5.49,26.97,3.5,0.56,4.2,7.23,11.49,75.17
1999-10-01,23.21,9.26,2.62,3.19,8.14,52.1,28.99,26.27,7.72,3.29,12.11,75.31,48.08,19.87,1.94,15.5,5.14,5.43,27.45,3.68,0.6,4.51,7.22,11.44,75.53
1999-11-01,23.73,9.21,2.75,3.29,8.47,51.59,28.45,25.73,7.72,3.36,12.06,75.31,49.12,19.09,2.02,16.34,5.79,5.72,27.62,3.68,0.6,4.51,7.39,11.44,76.74
1999-12-01,23.86,9.32,2.78,3.22,8.54,50.77,27.57,24.86,7.81,3.34,12.05,74.62,51.9,20.5,1.89,16.45,6.8,6.12,27.63,3.68,0.6,4.51,7.4,11.44,79.53
2000-01-01,23.59,9.03,2.76,3.51,8.3,52.08,28.77,26.01,7.9,3.39,12.02,75.67,47.23,19.03,1.76,14.88,5.46,5.82,28.29,3.74,0.69,4.63,7.48,11.74,75.51
2000-02-01,23.58,9.13,2.76,3.36,8.33,52.68,29.43,26.68,7.91,3.42,11.92,76.25,50.23,19.63,2.01,15.89,6.4,6.01,28.77,3.74,0.69,4.63,7.7,12.02,79
2000-03-01,23.6,9.24,2.66,3.44,8.26,52.7,29.37,26.61,7.99,3.42,11.93,76.3,49.36,19.22,1.85,15.71,6.26,5.93,28.53,3.74,0.69,4.63,7.62,11.85,77.89
2000-04-01,23.22,9.16,2.63,3.48,7.95,53.71,30.3,27.52,7.97,3.44,12,76.92,46.29,18.82,1.74,14.73,5.15,5.62,28.13,3.49,0.65,4.45,7.64,11.92,74.42
2000-05-01,23.14,9.14,2.77,3.49,7.74,54.32,30.84,28.05,8.01,3.39,12.08,77.47,47.34,19.61,1.97,14.89,4.83,5.72,28.22,3.49,0.65,4.45,7.72,11.91,75.56
2000-06-01,23.15,9.08,2.76,3.51,7.79,54.07,30.44,27.64,8.05,3.43,12.15,77.22,47.96,20.05,1.94,15.2,4.84,5.62,28.27,3.49,0.65,4.45,7.62,12.07,76.23
2000-07-01,23.26,8.98,2.74,3.31,8.23,54.51,30.72,27.91,8.14,3.42,12.23,77.77,47.25,19.7,1.89,14.86,5.19,5.32,28.54,3.42,0.61,4.95,7.52,12.04,75.79
2000-08-01,23.03,9.02,2.73,3.6,7.69,55.64,31.74,28.88,8.23,3.34,12.32,78.67,49.83,20.49,1.97,15.9,5.44,5.7,28.7,3.42,0.61,4.95,7.57,12.16,78.53
2000-09-01,23.05,9.06,2.79,3.64,7.56,55.81,31.73,28.85,8.33,3.36,12.39,78.86,48.93,19.9,2,15.76,5.39,5.62,28.85,3.42,0.61,4.95,7.73,12.14,77.78
2000-10-01,22.99,9.08,2.76,3.28,7.87,56.24,31.99,29.12,8.46,3.35,12.44,79.23,48.38,19.8,1.98,15.84,4.97,5.42,28.58,3.59,0.65,4.72,7.58,12.04,76.96
2000-11-01,23.49,9.09,2.83,3.4,8.18,56.42,31.94,29.07,8.51,3.35,12.63,79.92,48.84,19.33,2.04,15.82,5.54,5.78,28.88,3.59,0.65,4.72,7.83,12.09,77.72
2000-12-01,23.24,8.72,2.85,3.49,8.18,55.03,30.5,27.64,8.55,3.35,12.63,78.27,50.59,20.82,1.98,15.55,6.17,5.83,28.7,3.59,0.65,4.72,7.78,11.95,79.29
2001-01-01,23.07,8.45,2.79,3.55,8.28,55.25,30.93,27.82,8.54,3.36,12.41,78.32,49.87,20.09,2.01,15.54,5.99,5.91,29.01,3.75,0.75,4.6,7.72,12.19,78.88
2001-02-01,23.27,8.82,2.88,3.57,7.99,54.93,30.51,27.43,8.67,3.47,12.28,78.2,49.78,19.69,2.04,15.54,6.32,5.86,29.06,3.75,0.75,4.6,7.75,12.21,78.83
2001-03-01,23.61,8.98,2.89,3.59,8.15,55.32,31.18,28.09,8.51,3.52,12.11,78.92,49.38,19.87,1.9,15.49,5.81,5.86,29.21,3.75,0.75,4.6,7.78,12.32,78.59
2001-04-01,23.42,8.97,2.84,3.46,8.16,54.49,30.48,27.42,8.56,3.45,12.01,77.91,47.25,19.73,1.82,14.96,5.07,5.4,29.31,3.5,0.7,5.1,7.72,12.28,76.56
2001-05-01,23.06,9.06,2.78,3.46,7.76,54.23,30.23,27.18,8.62,3.45,11.93,77.29,47.3,19.5,1.94,15.08,4.86,5.54,29.42,3.5,0.7,5.1,7.78,12.32,76.72
2001-06-01,22.8,8.94,2.75,3.59,7.52,52.92,28.75,25.68,8.66,3.46,12.05,75.72,47.41,19.56,1.93,15.19,4.8,5.59,29.5,3.5,0.7,5.1,7.79,12.41,76.92
2001-07-01,23.33,8.97,2.69,3.64,8.04,54.38,29.99,26.91,8.85,3.41,12.13,77.7,48.31,19.92,1.94,15.65,5.08,5.37,28.74,3.43,0.66,4.64,7.58,12.44,77.05
2001-08-01,22.93,8.92,2.73,3.63,7.65,54.94,30.49,27.41,8.81,3.45,12.18,77.86,49.09,20.15,2.1,15.77,5.16,5.54,28.91,3.43,0.66,4.64,7.64,12.54,78
2001-09-01,23.36,9,2.79,3.63,7.95,54.06,29.64,26.61,8.83,3.43,12.17,77.43,47.68,19.02,1.85,16.12,4.91,5.47,28.98,3.43,0.66,4.64,7.78,12.47,76.66
2001-10-01,23.6,9.13,2.86,3.42,8.19,53.83,29.58,26.57,8.91,3.46,11.89,77.43,48.4,19.82,1.97,15.86,4.89,5.42,29.48,3.61,0.71,4.91,7.78,12.47,77.88
2001-11-01,23.87,9.24,2.93,3.58,8.11,54.07,29.49,26.47,9.1,3.46,12.03,77.94,49.13,19.4,2.02,16.18,5.43,5.73,29.53,3.61,0.71,4.91,7.91,12.4,78.66
2001-12-01,24.01,9.02,2.89,3.72,8.38,53.19,28.6,25.58,9.01,3.42,12.16,77.2,49.07,19,1.89,15.71,6.13,6.04,29.38,3.61,0.71,4.91,7.9,12.25,78.44
2002-01-01,23.81,9.04,2.88,3.7,8.19,52.87,28.19,25.08,8.97,3.53,12.18,76.68,49.08,19.45,2,15.82,5.65,5.84,29.51,3.75,0.77,4.9,7.77,12.33,78.59
2002-02-01,23.84,9.09,2.98,3.57,8.21,52.97,28.23,25.12,9.05,3.49,12.2,76.81,49.46,19.44,2.07,15.87,5.97,5.8,29.66,3.77,0.74,4.9,7.84,12.41,79.12
2002-03-01,23.42,9.12,2.93,3.54,7.83,53.18,28.43,25.32,9.08,3.51,12.16,76.6,48.54,19.67,2.04,15.34,5.39,5.67,29.77,3.76,0.77,4.9,7.88,12.46,78.31
2002-04-01,23.94,9.13,2.95,3.61,8.25,52.17,27.25,24.12,9.18,3.49,12.25,76.11,47.47,19.55,1.95,15.28,4.83,5.6,30.07,3.51,0.71,5.28,8.06,12.52,77.55
2002-05-01,23.73,9.29,2.88,3.55,8,53.04,28.1,24.96,9.19,3.53,12.23,76.77,46.57,19.73,1.96,14.75,4.44,5.31,30.06,3.52,0.71,5.28,8.13,12.42,76.62
2002-06-01,23.48,9.12,2.93,3.58,7.85,52.96,27.82,24.68,9.39,3.58,12.18,76.44,47.45,19.88,2.02,15.42,4.52,5.28,30.04,3.51,0.71,5.28,7.89,12.65,77.49
2002-07-01,23.37,8.95,2.98,3.56,7.88,53.5,28.41,25.25,9.44,3.56,12.09,76.88,48.82,20.08,2.05,15.93,5.01,5.43,29.94,3.45,0.66,5.2,7.97,12.66,78.77
2002-08-01,23.05,9.14,2.94,3.62,7.35,53.66,28.28,25.1,9.57,3.65,12.16,76.71,48.41,20.22,2.11,15.24,4.98,5.5,29.93,3.44,0.66,5.2,7.89,12.74,78.34
2002-09-01,22.68,8.68,2.91,3.57,7.52,54.59,29.09,25.91,9.7,3.59,12.21,77.27,48.2,19.46,1.98,15.92,5.02,5.52,29.85,3.45,0.68,5.2,7.91,12.61,78.05
2002-10-01,23.19,8.55,2.98,3.66,8,55.53,29.88,26.68,9.77,3.61,12.28,78.72,48.96,19.68,2.1,16.08,5.08,5.6,30.65,3.62,0.72,5.46,8.09,12.76,79.61
2002-11-01,23.56,8.95,3.03,3.48,8.1,55.45,29.95,26.75,9.79,3.54,12.17,79.01,49.83,20,2.13,15.68,5.9,5.76,30.45,3.62,0.72,5.46,8.17,12.48,80.28
2002-12-01,23.77,8.92,3.04,3.67,8.13,53.3,27.86,24.95,9.78,3.53,12.13,77.07,50.6,19.94,2.08,15.59,6.56,6.16,30.4,3.63,0.72,5.46,8.31,12.28,81
2003-01-01,23.56,8.87,3.03,3.76,7.9,53.95,28.16,25.36,9.89,3.55,12.35,77.52,49.81,20.02,2.08,15.45,6.03,5.89,30.55,3.82,0.8,5.55,8.26,12.12,80.37
2003-02-01,23.76,8.92,3.03,3.77,8.04,55.54,29.56,26.67,10.03,3.57,12.39,79.31,51.83,20.37,2.22,16.45,6.45,6.01,30.71,3.82,0.82,5.55,8.22,12.3,82.54
2003-03-01,23.62,8.91,3.05,3.76,7.9,56.17,30.23,27.29,10.06,3.58,12.3,79.78,49.26,19.71,2.07,15.31,6.05,5.67,30.38,3.82,0.84,5.55,7.93,12.23,79.64
2003-04-01,23.1,8.73,2.98,3.73,7.66,55.55,29.49,26.47,10.08,3.64,12.33,78.65,48.39,19.83,2.12,15.51,5.11,5.54,29.94,3.57,0.74,5.52,7.85,12.26,78.33
2003-05-01,22.85,8.68,2.98,3.75,7.44,55.75,29.64,26.67,10.19,3.62,12.29,78.6,47.52,19.35,2.15,15.29,4.88,5.47,30.43,3.55,0.68,5.52,8.17,12.5,77.94
2003-06-01,22.65,8.63,3.04,3.81,7.16,55.24,28.99,25.96,10.34,3.64,12.26,77.89,48.12,19.79,2.07,15.43,4.93,5.54,30.83,3.56,0.74,5.52,8.25,12.75,78.95
2003-07-01,23.14,8.52,3.21,3.83,7.58,55.58,29.22,26.08,10.39,3.6,12.37,78.72,48.82,20.1,2.15,15.83,4.8,5.59,31.13,3.49,0.68,5.98,8.22,12.75,79.94
2003-08-01,22.99,8.7,3.17,3.87,7.25,56.29,29.77,26.57,10.54,3.62,12.36,79.28,48.4,20.59,2.21,14.95,4.82,5.44,31,3.49,0.66,5.98,8.03,12.83,79.39
2003-09-01,23.21,8.9,3.15,3.84,7.31,56.86,30.16,26.91,10.72,3.57,12.42,80.07,49.24,19.93,2.13,16.4,4.91,5.54,31.21,3.49,0.68,5.98,8.11,12.94,80.45
2003-10-01,23.33,8.75,3.15,3.85,7.57,57.79,30.9,27.53,10.78,3.6,12.51,81.11,49.98,20.18,2.24,16.24,5.19,5.7,31.63,3.68,0.73,6.08,8.29,12.84,81.61
2003-11-01,23.39,8.75,3.26,3.82,7.56,58.08,30.91,27.51,10.86,3.62,12.68,81.48,49.03,19.87,2.18,15.48,5.31,5.81,31.65,3.7,0.74,6.08,8.64,12.48,80.67
2003-12-01,23.89,8.82,3.29,3.91,7.87,58.93,31.63,28.18,10.94,3.63,12.73,82.82,51.64,20.68,2.25,16.01,6.18,6.23,32,3.71,0.75,6.08,8.78,12.69,83.64
2004-01-01,23.38,8.8,3.19,3.87,7.53,59.38,32.1,28.47,10.92,3.68,12.68,82.76,50.03,20.48,2.22,15.23,5.81,5.95,31.99,3.43,0.76,6.46,8.48,12.86,82.02
2004-02-01,23.3,8.83,3.22,3.82,7.44,59.47,32.01,28.39,10.94,3.71,12.8,82.77,51.31,20.87,2.26,15.93,6,5.91,32.36,3.42,0.76,6.78,8.56,12.86,83.68
2004-03-01,23.4,8.88,3.17,3.84,7.51,59.28,31.87,28.29,11.01,3.63,12.77,82.67,51.13,20.45,2.25,16.24,5.79,5.93,32.9,3.42,0.81,6.73,8.8,13.14,84.03
2004-04-01,23.19,8.81,3.09,3.92,7.38,59.36,31.78,28.24,11.09,3.67,12.81,82.55,49.41,20.55,2.12,15.83,5.03,5.6,33.18,3.63,0.72,6.81,8.83,13.19,82.59
2004-05-01,22.94,8.8,3.09,3.87,7.18,59.19,31.63,28.05,11.13,3.66,12.77,82.13,47.58,20.31,2.09,14.59,4.65,5.54,32.79,3.59,0.7,6.63,8.78,13.08,80.36
2004-06-01,23.05,8.59,3.13,3.92,7.41,60.73,32.87,29.19,11.37,3.7,12.79,83.77,49.45,20.78,2.22,15.65,4.71,5.72,34.05,3.6,0.72,7.32,8.82,13.6,83.5
2004-07-01,23.05,8.73,3.14,3.83,7.35,61.34,33.3,29.58,11.41,3.72,12.91,84.39,49.9,20.88,2.22,15.84,5.05,5.56,33.22,3.71,0.69,6.49,8.82,13.51,83.12
2004-08-01,22.09,8.72,3.1,3.8,6.47,61.24,33.14,29.4,11.46,3.74,12.91,83.34,49.7,21.03,2.25,15.19,5.21,5.63,33.57,3.69,0.72,6.89,8.52,13.75,83.28
2004-09-01,21.93,8.3,3.14,3.89,6.6,61.96,33.66,29.91,11.54,3.81,12.95,83.89,50.09,20.53,2.28,16.36,4.89,5.71,33.46,3.66,0.74,6.62,8.82,13.62,83.55
2004-10-01,22.55,8.48,3.13,3.91,7.02,62.24,33.69,29.94,11.76,3.78,13.01,84.79,50.25,20.86,2.22,16.02,5.07,5.63,33.42,3.88,0.75,6.68,8.85,13.27,83.68
2004-11-01,23.04,8.85,3.2,3.82,7.17,61.59,33.18,29.42,11.75,3.77,12.89,84.64,50.91,20.81,2.31,16.27,5.15,5.98,34.03,3.91,0.76,7.16,8.94,13.27,84.94
2004-12-01,22.64,8.88,3.07,3.68,7.01,61.65,33.4,29.62,11.55,3.8,12.9,84.29,52.31,21.23,2.35,16.32,5.91,6.2,34.32,3.88,0.76,7.1,9.13,13.45,86.63
2005-01-01,22.5,8.69,3.05,3.81,6.95,62.11,33.89,29.82,11.54,3.82,12.86,84.61,50.62,20.69,2.4,15.39,5.78,6.02,33.79,3.63,0.74,6.9,9.11,13.41,84.42
2005-02-01,22.67,8.8,3.07,3.81,6.99,62.34,34.02,29.93,11.64,3.83,12.85,85.01,52.29,20.83,2.41,16.47,6.2,6.05,34.28,3.63,0.8,7.02,9.23,13.6,86.58
2005-03-01,22.58,8.85,2.91,3.69,7.12,62.55,34.19,30.12,11.67,3.86,12.83,85.13,51.98,21.01,2.31,16.1,5.98,6.11,34.13,3.64,0.79,6.82,9.02,13.86,86.1
2005-04-01,22.92,8.89,3.04,3.88,7.11,62.67,34.38,30.24,11.63,3.85,12.82,85.59,49.19,20.14,2.15,15.57,5.1,5.95,33.96,3.6,0.72,6.76,9.07,13.82,83.15
2005-05-01,22.97,8.93,3.1,3.91,7.03,62.91,34.27,30.12,11.7,3.87,13.06,85.88,48.67,20.61,2.28,15.27,4.52,5.6,33.67,3.59,0.73,6.43,9.18,13.74,82.34
2005-06-01,22.11,8.71,3.03,3.9,6.47,63.29,34.41,30.24,11.72,3.91,13.25,85.39,50.41,21.2,2.32,15.7,4.98,5.84,35.31,3.57,0.78,7.56,9.2,14.2,85.72
2005-07-01,21.73,8.37,3.07,3.5,6.79,63.32,34.68,30.48,11.58,3.92,13.15,85.05,49.46,20.94,2.27,15.47,4.91,5.52,34.22,3.75,0.7,7.06,8.65,14.06,83.68
2005-08-01,21.68,8.38,3.05,3.87,6.38,63.62,34.73,30.51,11.77,3.93,13.2,85.3,51.25,21.67,2.38,16.05,4.94,5.83,34.34,3.76,0.77,6.78,8.75,14.27,85.59
2005-09-01,20.41,7.07,2.95,3.81,6.57,64.21,35.06,30.84,11.85,3.89,13.41,84.61,49.77,20.14,2.24,16.31,5,5.75,34.46,3.75,0.76,7.11,8.49,14.34,84.23
2005-10-01,20.75,7.39,3.2,3.65,6.51,63.81,34.7,30.5,11.94,3.91,13.26,84.56,48.76,20.25,2.27,15.66,4.67,5.46,33.43,3.76,0.75,6.95,8.18,13.79,82.19
2005-11-01,21.66,7.94,3.28,3.75,6.69,63.75,34.64,30.45,12,3.88,13.23,85.41,51.14,20.62,2.44,16.37,5.26,6.06,33.86,3.76,0.78,7.15,8.17,13.99,84.99
2005-12-01,21.88,7.93,3.38,3.84,6.72,63.24,34.56,30.36,11.96,3.78,12.95,85.12,52.88,21.5,2.33,16.14,6.23,6.38,34.19,3.76,0.8,7.13,8.52,13.99,87.07
2006-01-01,22.1,8.21,3.36,3.84,6.68,62.97,34.27,30.05,11.75,3.98,12.98,85.07,50.78,20.44,2.22,15.78,5.94,6.08,33.91,3.77,0.75,6.67,9,13.72,84.69
2006-02-01,21.97,8.21,3.31,3.77,6.68,63.16,34.31,30.09,11.86,3.97,13.02,85.13,51.84,20.58,2.38,16.41,6.07,6.09,35.67,3.8,0.76,7.71,9.28,14.12,87.51
2006-03-01,21.67,8.09,3.2,3.81,6.57,63.06,34.17,29.94,11.94,4.02,12.92,84.73,51.63,20.61,2.33,16.57,5.65,6.04,35.14,3.75,0.73,7.49,9.12,14.05,86.78
2006-04-01,21.73,8.23,3.3,3.84,6.36,63.32,34.18,29.95,12.07,3.99,13.08,85.05,48.37,20.2,2.17,14.98,5.07,5.69,34.9,3.59,0.76,7.73,9.01,13.82,83.27
2006-05-01,21.63,8.35,3.12,3.8,6.36,63.21,33.86,29.62,12.1,4.02,13.23,84.84,48.79,20.46,2.22,15.57,4.4,5.77,35.36,3.6,0.77,7.36,9.32,14.3,84.14
2006-06-01,21.24,8.39,3.06,3.75,6.04,63.59,34.18,29.87,12.15,4.01,13.25,84.83,50.27,20.98,2.35,16.07,4.72,5.8,35.59,3.61,0.76,7.71,9,14.5,85.86
2006-07-01,21.82,8.38,3.25,3.71,6.48,64.35,34.54,30.19,12.28,4.02,13.5,86.17,49.59,20.74,2.36,15.72,4.95,5.5,35.11,3.92,0.75,7.33,8.72,14.39,84.7
2006-08-01,21.54,8.39,3.32,3.72,6.11,64.44,34.64,30.29,12.37,3.97,13.46,85.98,50.58,21.43,2.41,15.74,4.8,5.83,36.06,3.93,0.76,7.71,8.78,14.88,86.63
2006-09-01,21.45,8.35,3.39,3.71,6.01,64.01,34.3,29.95,12.26,3.96,13.5,85.46,49.82,20.56,2.3,16.36,4.51,5.78,36.18,3.91,0.77,7.87,8.96,14.67,86
2006-10-01,21.67,8.38,3.36,3.6,6.34,64.05,34.1,29.72,12.5,3.96,13.49,85.72,50.3,20.77,2.31,16.38,4.75,5.68,36.05,3.98,0.81,7.62,8.96,14.68,86.35
2006-11-01,21.73,8.3,3.42,3.57,6.43,63.46,33.75,29.35,12.51,3.98,13.22,85.19,51.1,20.67,2.4,16.24,5.22,6.21,35.95,3.98,0.81,7.35,9.23,14.59,87.05
2006-12-01,21.79,8.49,3.42,3.4,6.48,63.15,33.68,29.28,12.56,3.9,13.02,84.94,51.05,20.8,2.3,15.38,5.92,6.36,35.39,4,0.78,7.4,9.13,14.07,86.43
2007-01-01,21.67,8.37,3.41,3.58,6.3,63.05,33.56,28.96,12.56,4.16,12.77,84.71,49.91,20.57,2.35,15.26,5.22,6.21,36.59,3.67,0.79,7.96,9.52,14.66,86.5
2007-02-01,21.89,8.34,3.47,3.58,6.5,63.09,33.5,29.03,12.68,4.09,12.82,84.98,51.64,21.31,2.52,15.62,5.57,6.32,36.56,3.93,0.78,7.38,9.61,14.86,88.2
2007-03-01,21.78,8.42,3.55,3.63,6.19,63.07,33.58,29.11,12.79,4.03,12.67,84.86,50.52,20.54,2.39,15.55,5.41,6.23,37.11,3.79,0.81,7.83,9.5,15.18,87.63
2007-04-01,21.96,8.47,3.46,3.63,6.4,63.32,33.78,29.32,12.65,4.1,12.8,85.28,49.07,20.54,2.23,15.14,4.9,6.01,36.46,3.67,0.73,7.88,9.48,14.69,85.53
2007-05-01,21.56,8.55,3.43,3.55,6.03,63.38,33.6,29.14,12.63,4.13,13.01,84.94,49,20.62,2.38,15.22,4.43,6,37.21,3.6,0.74,8.21,9.53,15.14,86.21
2007-06-01,21.11,8.46,3.3,3.65,5.7,63.82,33.48,29.01,12.69,4.17,13.47,84.93,49.62,20.72,2.37,15.56,4.6,6.05,37.86,3.65,0.81,8.17,9.74,15.49,87.48
2007-07-01,21.6,8.46,3.41,3.6,6.13,63.81,33.75,29.27,12.75,3.99,13.32,85.41,49.74,20.75,2.43,15.69,4.59,5.98,37.76,3.87,0.77,8.5,9.37,15.24,87.5
2007-08-01,20.94,8.37,3.65,3.25,5.67,63.65,33.73,29.26,12.63,4.09,13.2,84.59,50.2,21.03,2.48,15.71,4.62,6.01,36.96,3.93,0.77,7.37,9.34,15.55,87.16
2007-09-01,21.13,8.34,3.46,3.54,5.79,64.31,34.36,29.89,12.49,4.06,13.4,85.43,49.77,20.41,2.41,15.96,4.89,5.8,37.39,3.92,0.81,7.82,9.6,15.24,87.15
2007-10-01,21.48,8.48,3.47,3.38,6.15,64.7,34.55,30.08,12.77,4.07,13.31,86.18,50.76,20.48,2.42,16.46,4.82,6.19,37.66,3.85,0.85,7.86,9.63,15.47,88.42
2007-11-01,21.45,8.6,3.47,3.28,6.1,64.49,34.32,29.92,12.76,4.07,13.33,85.94,51.24,20.53,2.46,16.31,5.23,6.36,37.29,4,0.8,7.43,9.82,15.23,88.53
2007-12-01,21.5,8.71,3.32,3.34,6.12,64.98,35.04,30.58,12.65,4.04,13.24,86.47,50.63,20.72,2.37,15.27,5.69,6.3,38.4,4.11,0.78,8.61,9.83,15.08,89.03
2008-01-01,21.36,8.67,3.35,3.32,6.02,65.12,35.16,30.56,12.71,4.13,13.12,86.48,49.95,20.25,2.38,15.58,5.33,6.17,37.78,3.77,0.81,8.02,9.87,15.31,87.73
2008-02-01,21.34,8.68,3.36,3.31,6,65.21,35.24,30.64,12.68,4.13,13.16,86.56,50.64,20.03,2.41,15.8,5.84,6.33,37.69,4.1,0.81,7.15,10.06,15.57,88.33
2008-03-01,21.41,8.74,3.44,3.24,5.99,65.37,35.46,30.85,12.69,4.16,13.06,86.78,48.64,19.83,2.31,15.08,5.06,6.04,39.52,4.01,0.82,8.84,10.12,15.73,88.15
2008-04-01,21.18,8.75,3.3,3.16,5.97,65.13,35.17,30.56,12.65,4.14,13.17,86.3,49.09,19.81,2.2,15.84,5,6.03,39.02,3.93,0.79,8.08,10.32,15.9,88.1
2008-05-01,21.38,8.89,3.18,3.19,6.12,65.66,35.48,30.92,12.7,4.2,13.29,87.04,47.93,19.8,2.26,14.96,4.45,6.2,39.12,3.82,0.78,8.62,9.8,16.1,87.05
2008-06-01,20.87,8.75,3.2,3.24,5.69,66.13,35.61,31,12.75,4.27,13.49,87,47.65,19.68,2.3,15.14,4.33,5.94,38.63,3.97,0.8,7.88,9.58,16.39,86.28
2008-07-01,21.44,8.87,3.42,3.18,5.96,66.55,36,31.36,12.69,4.2,13.66,87.99,48.31,19.56,2.34,15.66,4.46,6.05,38.86,4.06,0.74,8.17,9.29,16.61,87.18
2008-08-01,20.72,8.72,3.43,3.15,5.42,66.33,35.81,31.16,12.35,4.16,14.01,87.05,47.11,19.27,2.26,15.2,4.17,5.92,38.93,4.16,0.74,8.3,9.2,16.53,86.04
2008-09-01,19.21,7.12,3.3,3.11,5.68,66.19,35.51,30.87,12.53,4.18,13.98,85.4,46.98,17.84,2.32,16.31,4.29,5.99,39.36,4.23,0.76,8.28,9.28,16.81,86.34
2008-10-01,20.78,8.34,3.35,3.15,5.95,66.21,35.55,30.91,12.51,4.24,13.91,86.99,48.67,19.7,2.35,16.16,4.34,5.81,38.47,4.08,0.78,7.9,9.23,16.49,87.14
2008-11-01,21.28,8.68,3.45,3.09,6.05,65.46,34.85,30.19,12.56,4.25,13.8,86.73,47.12,19.05,2.33,15.14,4.57,5.76,36.97,3.93,0.77,7.3,9.23,15.73,84.09
2008-12-01,21.08,8.53,3.39,3.11,6.04,64.36,34.22,29.54,12.63,4.09,13.43,85.44,48.31,19.14,2.28,15.38,5.11,6.19,37.44,3.83,0.76,7.88,9.26,15.7,85.76
2009-01-01,21.03,8.62,3.41,3.08,5.92,63.39,33.28,28.57,12.61,4.19,13.31,84.42,47.38,19.04,2.34,15.02,4.77,5.98,36.83,3.52,0.78,7.37,9.38,15.78,84.21
2009-02-01,21.42,8.79,3.49,3.06,6.08,63.67,33.19,28.42,12.76,4.17,13.55,85.08,47.63,18.82,2.34,15.35,4.66,6.24,37.98,3.86,0.75,7.46,9.92,15.98,85.61
2009-03-01,21.34,8.86,3.36,3.06,6.06,63.59,33.14,28.31,12.76,4.16,13.53,84.93,47.16,18.72,2.26,15.33,4.55,6,38.67,3.69,0.77,8.27,9.72,16.22,85.83
2009-04-01,21.04,8.97,3.11,3.05,5.91,64.28,33.36,28.46,13.01,4.22,13.67,85.32,45.9,18.67,2.16,14.76,4.19,5.92,39.1,3.61,0.77,8.61,9.73,16.38,85
2009-05-01,20.75,9.15,3.07,3.02,5.51,64.52,33.43,28.48,12.91,4.2,13.97,85.27,44.33,18.21,2.16,14.08,3.78,5.84,39.71,3.7,0.76,8.69,9.96,16.61,84.04
2009-06-01,20.72,9.13,3.22,2.91,5.45,64.85,33.53,28.57,13.05,4.25,14.02,85.56,46.09,18.83,2.26,14.9,4.04,5.82,40.74,3.77,0.79,8.59,10.22,17.37,86.83
2009-07-01,21.37,9.2,3.42,2.96,5.79,65.02,33.8,28.81,13.08,4.24,13.89,86.39,45.88,18.63,2.28,14.89,3.97,5.88,41.11,3.99,0.74,9.21,9.81,17.36,86.99
2009-08-01,20.81,9.28,3.33,2.94,5.25,65.25,33.92,28.91,13.03,4.28,14.01,86.05,45.47,18.95,2.27,14,4.14,5.86,40.31,3.95,0.73,8.58,9.81,17.23,85.78
2009-09-01,21.02,9.48,3.28,2.99,5.28,65.44,33.88,28.92,13.17,4.27,14.13,86.47,46.24,18.59,2.25,15.22,4.13,5.83,40.52,3.99,0.75,8.57,9.87,17.33,86.76
2009-10-01,21.37,9.4,3.34,2.99,5.63,65.55,33.93,28.96,13.25,4.27,14.1,86.92,46.51,18.8,2.21,14.97,4.26,5.97,40.41,3.85,0.78,8.92,10.21,16.64,86.92
2009-11-01,21.52,9.31,3.48,2.95,5.78,65.54,33.97,29,13.26,4.24,14.06,87.06,46.08,18.75,2.26,14.38,4.38,6.04,39.47,4.02,0.74,8.39,9.97,16.35,85.55
2009-12-01,21.39,9.42,3.32,3,5.65,65.19,33.97,28.98,13.15,4.21,13.87,86.59,47.74,19.24,2.31,14.56,5.06,6.37,40.91,3.93,0.72,9.2,10.24,16.82,88.65
2010-01-01,21.45,9.38,3.23,3.02,5.83,64.8,33.35,28.89,13.15,4.45,13.85,86.25,45.53,18.65,2.23,13.64,4.8,6.01,38.62,3.75,0.69,8.02,9.98,16.18,84.14
2010-02-01,21.74,9.69,3.31,3.01,5.73,64.96,33.45,28.89,13.22,4.42,13.87,86.69,47.58,18.83,2.37,14.91,4.95,6.32,41.31,3.94,0.72,9.14,10.74,16.77,88.89
2010-03-01,22,9.69,3.34,3,5.97,64.96,33.37,28.84,13.28,4.45,13.86,86.95,47.4,19.08,2.25,14.95,4.7,6.15,41.17,3.86,0.74,9.1,10.61,16.87,88.57
2010-04-01,21.83,9.53,3.38,3,5.93,65.27,33.36,28.83,13.24,4.43,14.24,87.1,46.32,19.07,2.29,14.41,4.32,6.07,41.34,3.82,0.72,9.32,10.51,16.97,87.66
2010-05-01,21.77,9.63,3.43,3,5.72,65.62,33.27,28.73,13.29,4.53,14.53,87.39,45.18,18.87,2.31,14,3.81,5.97,40.92,3.86,0.72,8.39,10.65,17.3,86.11
2010-06-01,21.1,9.55,3.44,2.95,5.17,65.96,33.45,28.89,13.29,4.58,14.64,87.06,47.19,19.56,2.45,14.92,3.94,6.11,43.19,4.05,0.71,9.84,10.57,18.02,90.38
2010-07-01,21.33,9.5,3.45,2.97,5.42,66.05,33.28,28.73,13.34,4.54,14.89,87.38,46.98,19.29,2.31,15.04,4.13,6.01,41.42,4.07,0.7,8.41,10.27,17.98,88.39
2010-08-01,21.18,9.72,3.51,2.95,5.01,66.11,33.27,28.72,13.29,4.58,14.97,87.3,47.53,19.66,2.48,14.69,4.35,6.12,42.17,4.27,0.73,8.91,10.13,18.13,89.7
2010-09-01,21.31,9.87,3.32,2.96,5.16,66.14,33.28,28.69,13.32,4.67,14.88,87.45,48.05,19.46,2.43,15.54,4.39,6.03,42.84,4.29,0.76,9.74,10.24,17.81,90.89
2010-10-01,21.78,9.85,3.41,2.96,5.56,65.96,33.27,28.66,13.47,4.66,14.56,87.74,46.72,18.93,2.35,15.14,3.99,6.05,41.54,4.11,0.75,8.79,10.43,17.47,88.26
2010-11-01,22.02,9.92,3.66,2.9,5.54,66.04,33.25,28.64,13.4,4.76,14.63,88.06,47.6,18.97,2.43,15.18,4.52,6.3,42.93,4.1,0.77,10.39,10.47,17.2,90.53
2010-12-01,22.19,10.07,3.72,2.98,5.44,65.88,33.44,28.83,13.45,4.61,14.39,88.07,48.52,19.73,2.46,14.75,4.94,6.45,43.58,4.24,0.75,10.19,10.93,17.46,92.1
2011-01-01,21.84,9.79,3.58,3,5.47,67.08,34.41,29.63,13.47,4.8,14.4,88.92,46.11,18.93,2.36,13.71,4.8,6.11,41.62,3.92,0.66,9.76,10.57,16.71,87.74
2011-02-01,21.21,9.5,3.47,2.96,5.29,66.98,34.36,29.57,13.47,4.75,14.39,88.19,47.74,18.82,2.43,14.85,5,6.46,42.57,3.99,0.69,9.86,10.74,17.29,90.32
2011-03-01,21.73,10.01,3.57,2.99,5.17,65.57,33.03,28.37,13.45,4.72,14.37,87.3,47.01,19.19,2.49,14.26,4.5,6.31,41.89,3.91,0.71,9.56,10.89,16.83,88.9
2011-04-01,21.78,9.94,3.54,2.99,5.32,65.5,33.09,28.42,13.48,4.69,14.23,87.28,44.88,18.58,2.25,13.95,4.04,5.91,42.43,3.95,0.7,9.92,10.83,17.03,87.31
2011-05-01,21.17,10.1,3.2,2.97,4.88,65.95,33.22,28.51,13.49,4.67,14.57,87.12,44.7,18.43,2.29,14.08,3.72,5.97,42.82,4.19,0.7,9.71,10.61,17.62,87.52
2011-06-01,21.24,10.07,3.31,2.96,4.9,66.8,33.88,29.16,13.46,4.58,14.88,88.04,46.35,19.19,2.44,14.48,3.88,6.15,43.11,4.45,0.72,9.34,10.61,18,89.47
2011-07-01,21.42,9.93,3.59,2.94,4.96,67.13,34.21,29.44,13.5,4.52,14.9,88.55,46.14,18.71,2.42,14.45,4.17,6.18,43.03,4.37,0.71,9.35,10.44,18.16,89.17
2011-08-01,21.7,10.25,3.74,2.95,4.76,67.36,34.3,29.53,13.42,4.59,15.04,89.05,47.66,19.36,2.56,14.83,4.4,6.29,43.32,4.6,0.75,9.59,10.35,18.02,90.99
2011-09-01,21.4,10.09,3.65,2.88,4.79,66.92,34.35,29.59,13.16,4.51,14.9,88.33,46.94,18.89,2.41,15.04,4.23,6.18,43.2,4.37,0.73,9.36,10.55,18.19,90.14
2011-10-01,22.22,10.5,3.72,2.95,5.05,66.59,34.1,29.27,13.49,4.45,14.54,88.81,46.21,18.82,2.29,14.46,4.35,6.05,42.99,4.45,0.76,9.51,10.65,17.62,89.2
2011-11-01,22.54,10.79,3.73,2.92,5.11,67.28,34.97,30.12,13.23,4.54,14.54,89.82,46.66,19.06,2.38,14.17,4.53,6.3,44.5,4.46,0.76,10.3,11.23,17.74,91.16
2011-12-01,22.83,10.89,3.92,2.94,5.08,67.37,34.96,30.11,13.51,4.56,14.34,90.2,47.17,18.77,2.4,13.83,5.38,6.62,43.65,4.32,0.71,10.01,10.98,17.63,90.81
2012-01-01,22.72,10.83,3.87,2.91,5.11,67.83,35.33,30.31,13.56,4.66,14.29,90.55,45.24,18.3,2.28,13.11,5.13,6.24,42.44,3.88,0.72,9.92,10.6,17.32,87.68
2012-02-01,23.05,10.94,4.04,2.94,5.14,67.83,35.62,30.61,13.56,4.62,14.02,90.88,47.69,18.62,2.36,14.56,5.51,6.46,44.13,4.2,0.68,10.45,11.09,17.7,91.82
2012-03-01,22.7,10.95,3.78,2.96,5.02,67.92,35.86,30.82,13.57,4.65,13.84,90.62,45.88,18.13,2.4,13.79,5.1,6.21,43.99,4.05,0.66,10.06,11.19,18.03,89.86
2012-04-01,22.82,10.89,3.91,2.95,5.07,68.2,36.14,31.06,13.49,4.69,13.87,91.02,44.79,18.16,2.34,13.76,4.33,6.05,43.43,4.04,0.68,9.72,10.99,17.99,88.22
2012-05-01,22.57,11.06,3.68,2.94,4.89,68.04,35.74,30.66,13.51,4.65,14.14,90.61,45.57,18.57,2.49,13.74,4.32,6.25,44.77,4.16,0.73,10.23,11.16,18.49,90.34
2012-06-01,22.21,10.91,3.59,2.94,4.77,68.13,35.81,30.75,13.51,4.6,14.21,90.34,45.99,18.87,2.24,14.25,4.06,6.37,44.72,4.38,0.69,9.44,11.02,19.18,90.71
2012-07-01,22.44,10.94,3.77,2.92,4.81,68.35,35.72,30.63,13.53,4.6,14.5,90.79,46,18.54,2.47,14.21,4.33,6.27,45.56,4.43,0.71,10.31,10.92,19.2,91.56
2012-08-01,22.22,10.92,3.75,2.96,4.6,68.66,35.89,30.81,13.5,4.7,14.56,90.88,46.72,19.14,2.6,13.82,4.58,6.39,44.74,4.47,0.7,9.22,10.9,19.44,91.46
2012-09-01,21.83,11.19,3.66,2.94,4.03,68.34,35.62,30.6,13.49,4.8,14.43,90.18,45.11,18.08,2.43,13.85,4.39,6.18,44.88,4.35,0.68,10.16,10.67,19.02,89.99
2012-10-01,22.79,11.57,3.89,2.89,4.44,68.09,35.12,30.14,13.55,4.88,14.54,90.88,46.55,18.71,2.48,14.35,4.37,6.41,46.13,4.34,0.71,10.78,11.02,19.27,92.67
2012-11-01,23.29,11.76,3.99,2.95,4.59,68.08,35.11,30.06,13.69,4.82,14.46,91.37,46.49,18.53,2.65,13.96,4.59,6.57,46.04,4.46,0.69,10.92,11.24,18.73,92.53
2012-12-01,23.61,11.77,4.18,2.91,4.74,67.44,34.74,29.64,13.69,4.81,14.2,91.05,45.92,18.13,2.5,13.16,5.44,6.54,45.58,4.38,0.66,10.83,11.22,18.49,91.5
2013-01-01,23.22,11.6,4.1,2.95,4.56,66.99,34.43,29.41,13.71,4.84,14,90.21,45.74,18.74,2.48,12.9,5.12,6.37,46.01,3.95,0.6,11.49,11.27,18.71,91.75
2013-02-01,23.22,11.7,4.01,2.94,4.56,66.77,34.37,29.29,13.72,4.8,13.87,89.99,46.45,18.65,2.44,13.49,5.24,6.48,45.36,4.19,0.64,10.84,11.37,18.31,91.81
2013-03-01,23.46,11.85,4.17,2.89,4.54,66.78,34.54,29.45,13.7,4.83,13.7,90.24,45.08,18.55,2.37,13.2,4.72,6.04,45.42,4.11,0.65,10.64,11.3,18.72,90.5
2013-04-01,23.68,12.17,3.97,2.89,4.65,67.39,34.96,29.91,13.69,4.83,13.91,91.07,45.81,18.59,2.36,14.1,4.34,6.3,45.42,4.01,0.67,10.62,11.21,18.91,91.23
2013-05-01,23.41,12.14,3.7,2.88,4.69,67.8,34.9,29.87,13.59,4.85,14.47,91.21,45.53,18.73,2.45,13.87,4.07,6.23,46,4.24,0.67,10.63,11.3,19.16,91.53
2013-06-01,23.33,12.13,3.86,2.91,4.44,68.02,34.81,29.75,13.66,4.93,14.62,91.35,45.34,18.82,2.39,13.77,3.87,6.34,46.66,4.5,0.66,10.6,11.18,19.72,92
2013-07-01,24.15,12.52,4.02,2.87,4.74,68.07,34.95,29.87,13.77,4.72,14.64,92.22,46.76,19.26,2.44,14.3,4.35,6.26,47.21,4.6,0.69,11.06,11.09,19.77,93.97
2013-08-01,24.11,12.6,4.19,2.91,4.4,67.95,34.89,29.93,13.57,4.76,14.73,92.06,46.29,19.14,2.42,13.87,4.36,6.34,45.63,4.7,0.67,9.64,11.1,19.52,91.92
2013-09-01,24.14,12.98,4.05,2.91,4.2,67.3,34.13,29.12,13.73,4.81,14.62,91.44,45.86,19.28,2.43,13.95,4.09,5.97,46.29,4.65,0.69,11.15,10.89,18.91,92.15
2013-10-01,24.22,12.87,4.05,2.93,4.37,67.47,34.16,29.08,13.84,4.9,14.58,91.7,46.39,19.32,2.37,14.15,4.15,6.21,45.72,4.64,0.72,9.94,11.23,19.2,92.11
2013-11-01,24.83,13.09,4.23,2.9,4.61,67.19,33.64,28.57,13.95,4.91,14.69,92.03,46.9,19.49,2.48,13.64,4.79,6.34,46.79,4.63,0.7,11.08,11.47,18.9,93.7
2013-12-01,25.1,13.09,4.32,2.91,4.78,67.05,33.86,28.76,13.95,4.9,14.33,92.15,46.21,19.01,2.38,13.08,5.2,6.41,47.33,4.67,0.67,11.7,11.39,18.9,93.54
2014-01-01,25.04,13.09,4.36,2.88,4.71,67.18,34.43,29.28,13.9,4.96,13.89,92.22,45.52,19.1,2.4,12.72,5.01,6.14,47.3,4.17,0.63,11.98,11.42,19.09,92.81
2014-02-01,25.26,13.12,4.39,2.89,4.85,67.48,34.56,29.42,13.92,4.99,14.01,92.74,46.58,18.9,2.51,13.44,5.25,6.32,47.5,4.55,0.65,10.91,11.72,19.67,94.08
2014-03-01,25.49,13.35,4.45,2.87,4.82,66.65,34,28.92,13.79,4.94,13.92,92.14,45.4,18.45,2.32,13.37,4.84,6.22,46.14,4.47,0.66,10.21,11.69,19.11,91.54
2014-04-01,25.7,13.82,4.32,2.87,4.7,66.69,33.82,28.76,13.82,4.92,14.14,92.4,45.05,18.83,2.24,13.61,4.04,6.2,48.31,4.31,0.64,12.12,11.49,19.75,93.36
2014-05-01,25.4,13.89,4.17,2.88,4.46,67.42,34.12,29.06,13.78,4.96,14.56,92.82,44.37,18.6,2.31,13.3,3.77,6.22,48.24,4.7,0.69,11.29,11.82,19.73,92.61
2014-06-01,25.82,14.28,4.29,2.82,4.42,67.86,34.11,29.09,13.83,5.05,14.88,93.68,45.13,18.88,2.39,13.78,3.76,6.17,48.34,4.83,0.67,10.9,11.63,20.31,93.47
2014-07-01,26.06,14.38,4.34,2.77,4.57,67.82,34.39,29.34,13.8,4.87,14.76,93.88,46.17,19.25,2.46,14.15,3.91,6.25,47.68,4.84,0.69,10.71,11.37,20.06,93.84
2014-08-01,25.83,14.5,4.28,2.8,4.25,68.49,34.7,29.64,13.89,4.9,14.99,94.32,45.66,19.37,2.38,13.72,3.88,6.14,48.03,4.99,0.67,11.06,11.12,20.2,93.69
2014-09-01,26.12,14.56,4.32,2.78,4.46,68.71,35.05,29.89,13.77,4.98,14.91,94.83,45.89,19.2,2.47,14.2,3.78,6.1,49.31,4.93,0.7,12.3,11.26,20.11,95.2
2014-10-01,26.68,14.76,4.5,2.74,4.68,69.35,35.39,30.18,13.84,5.03,15.09,96.03,46.45,19.7,2.42,14.08,3.93,6.13,47.31,4.81,0.71,10.92,11.1,19.76,93.76
2014-11-01,26.88,14.92,4.51,2.74,4.72,68.68,34.85,29.63,13.94,5.09,14.8,95.56,45.59,19.39,2.36,13.2,4.28,6.2,48.07,4.82,0.68,11.75,11.61,19.21,93.66
2014-12-01,27.33,15.19,4.61,2.73,4.79,68.94,35.11,29.9,14.1,5.12,14.62,96.27,47.06,19.49,2.42,13.53,5.02,6.47,49.65,4.83,0.64,12.86,11.6,19.73,96.71
2015-01-01,26.78,14.77,4.69,2.63,4.7,68.26,34.7,29.51,14.15,5.06,14.36,95.05,45.8,19.27,2.48,13.11,4.57,6.22,47.25,4.52,0.65,11.65,11.58,18.84,93.05
2015-02-01,26.96,14.94,4.73,2.7,4.59,67.97,34.57,29.41,14.07,5.04,14.29,94.93,47.94,19.67,2.57,14.02,5.09,6.45,48.29,4.61,0.66,12.01,12.06,18.94,96.23
2015-03-01,26.99,15.08,4.62,2.68,4.61,68.95,35.32,30.24,14.25,5.08,14.3,95.94,46.35,19.35,2.37,13.62,4.55,6.26,47.08,4.29,0.7,11.24,11.8,19.06,93.43
2015-04-01,26.94,15.36,4.28,2.54,4.76,69.11,35.58,30.39,13.94,5.08,14.51,96.05,45.93,19.26,2.32,13.83,4.21,6.2,49.27,4.66,0.67,12.74,11.94,19.26,95.2
2015-05-01,26.53,15.22,3.98,2.57,4.75,69.66,35.79,30.64,14.1,5.1,14.67,96.2,44.72,19.32,2.36,13.21,3.64,6.02,47.91,4.78,0.69,10.68,12,19.76,92.63
2015-06-01,26.59,15.06,4.19,2.6,4.74,70.3,36.19,31.09,13.91,5.23,14.97,96.89,46.49,19.85,2.43,14.14,3.73,6.2,50.79,4.92,0.71,12.73,12.06,20.37,97.28
2015-07-01,27.21,15.24,4.6,2.63,4.74,70.2,36.36,31.3,14.04,5.09,14.72,97.42,47.24,20.12,2.47,14.33,3.85,6.31,50.06,5.01,0.7,12.84,11.62,19.9,97.3
2015-08-01,27.23,15.23,4.74,2.61,4.65,70.13,36.05,31.09,14,5.1,14.97,97.36,47,19.93,2.49,14.12,3.96,6.34,48.74,5.1,0.72,11.46,11.54,19.92,95.74
2015-09-01,26.77,15.26,4.28,2.61,4.62,70.27,36.34,31.22,13.91,5.14,14.88,97.05,46.85,19.44,2.5,14.58,3.91,6.29,50.16,4.81,0.71,12.1,11.97,20.58,97.01
2015-10-01,27.08,15.23,4.4,2.62,4.83,70.13,36.08,30.99,14.03,5.08,14.93,97.21,46.38,19.47,2.48,14.04,3.88,6.32,48.82,4.78,0.69,11.45,11.78,20.12,95.19
2015-11-01,27.41,15.25,4.67,2.6,4.89,70.23,36.27,31.12,14.17,5.12,14.67,97.64,45.8,19.11,2.44,13.62,4.03,6.44,48.84,4.84,0.72,11.5,11.96,19.81,94.64
2015-12-01,27.44,15.14,4.76,2.6,4.94,70.19,36.33,31.1,14.22,5.1,14.54,97.63,47.46,19.6,2.4,14,4.66,6.67,50.92,4.93,0.71,13.14,12.35,19.8,98.38
2016-01-01,27.23,15,4.8,2.6,4.83,70.13,36.74,31.49,14.28,5,14.1,97.35,45.5,19.06,2.45,12.95,4.39,6.51,47.65,4.45,0.69,11.24,12.5,18.76,93.15
2016-02-01,26.9,14.84,4.72,2.53,4.81,69.67,36.26,31.07,14.3,4.99,14.12,96.57,47.75,19.84,2.42,13.92,4.68,6.76,50.38,4.71,0.71,13.19,12.83,18.93,98.13
2016-03-01,26.96,15.04,4.64,2.53,4.76,69.62,36.41,31.16,14.34,4.93,13.94,96.59,47.16,19.75,2.39,13.97,4.4,6.46,50.01,4.58,0.71,12.63,12.89,19.2,97.16
2016-04-01,26.38,14.86,4.3,2.5,4.72,70.06,36.63,31.27,14.1,4.88,14.45,96.44,46.2,19.35,2.35,14.06,3.97,6.38,50.52,4.46,0.72,13.17,13.08,19.09,96.73
2016-05-01,25.82,15.04,3.66,2.5,4.62,70.18,36.53,31.29,13.99,4.83,14.83,96,45.53,19.33,2.39,13.7,3.57,6.4,50.62,4.53,0.73,12.89,12.76,19.7,96.15
2016-06-01,25.71,14.83,3.96,2.52,4.4,70.81,36.96,31.73,14.13,4.89,14.82,96.52,46.59,19.83,2.48,14.11,3.56,6.47,50.32,4.75,0.76,12.46,12.2,20.15,96.91
2016-07-01,26.77,14.86,4.59,2.5,4.82,70.81,37.13,31.81,13.91,4.8,14.97,97.57,46.56,19.75,2.49,14.12,3.77,6.29,49.62,4.9,0.74,11.92,12.25,19.8,96.18
2016-08-01,26.39,14.65,4.73,2.48,4.53,70.18,37.03,31.68,13.58,4.74,14.83,96.57,48.14,20.26,2.62,14.66,3.86,6.6,51.23,5.08,0.74,12.56,12.54,20.32,99.38
2016-09-01,25.8,14.46,4.73,2.43,4.18,70.92,37.02,31.74,14.19,4.76,14.96,96.73,47.24,19.77,2.54,14.62,3.72,6.46,49.94,4.85,0.72,12.65,12.24,19.48,97.18
2016-10-01,26.64,14.78,4.79,2.41,4.66,71.3,37.38,32,14.48,4.65,14.78,97.94,46.72,19.68,2.43,14.36,3.77,6.31,49.07,4.88,0.74,11.56,12.6,19.29,95.79
2016-11-01,27.38,15,5.12,2.39,4.88,71.7,37.82,32.39,14.47,4.79,14.63,99.08,47.28,19.69,2.47,14.13,4.15,6.68,50.54,4.91,0.72,12.93,12.78,19.19,97.81
2016-12-01,26.74,14.75,4.9,2.35,4.74,71.19,37.56,32.25,14.53,4.81,14.29,97.93,48.22,19.99,2.55,14.12,4.59,6.86,51,4.91,0.72,13.53,12.6,19.24,99.23
2017-01-01,26.87,14.77,5.09,2.34,4.68,70.11,36.73,31.31,14.5,4.76,14.12,96.99,46.03,19.29,2.39,13.59,4.17,6.45,49.51,4.21,0.71,12.76,12.95,18.88,95.53
2017-02-01,27.34,15.18,5.11,2.34,4.71,69.6,36.59,31.19,14.23,4.71,14.07,96.94,47.01,19.15,2.37,13.99,4.56,6.81,50.25,4.5,0.73,12.82,12.88,19.33,97.26
2017-03-01,27.37,15.37,4.88,2.34,4.79,69.27,36.19,30.82,14.41,4.75,13.92,96.64,47.78,20.06,2.42,14.21,4.28,6.68,51.46,4.36,0.73,13.44,13.43,19.49,99.23
2017-04-01,26.79,15.27,4.47,2.32,4.72,69.62,36.29,30.9,14.41,4.77,14.15,96.41,46.17,19.62,2.2,13.95,3.85,6.42,50.84,4.48,0.74,13.07,13.2,19.35,97.01
2017-05-01,27,15.48,4.62,2.33,4.57,70.36,36.76,31.4,14.32,4.74,14.54,97.36,47.18,20.05,2.45,14.35,3.56,6.63,52.31,4.51,0.76,13.68,13.45,19.91,99.48
2017-06-01,26.96,15.5,4.67,2.32,4.47,71.11,37.2,31.83,14.3,4.86,14.74,98.06,48.19,20.57,2.48,14.84,3.53,6.63,53.09,4.75,0.76,13.59,13.46,20.53,101.28
2017-07-01,27.42,15.57,4.95,2.29,4.62,71.26,37.38,32.05,14.26,4.74,14.88,98.68,47.7,20.13,2.5,14.73,3.64,6.54,51.53,4.82,0.76,12.7,13.05,20.19,99.23
2017-08-01,27.32,15.57,5.1,2.21,4.43,70.69,37.24,31.92,14.11,4.68,14.66,98.02,47.98,20.27,2.6,14.67,3.75,6.52,51.52,4.81,0.77,12.54,13.03,20.37,99.5
2017-09-01,26.9,15.63,4.92,2.01,4.34,71.15,37.35,32.06,14.22,4.7,14.88,98.05,47.63,19.63,2.52,15.08,3.68,6.55,52.79,4.82,0.76,13.84,13.11,20.26,100.42
2017-10-01,27.9,16.18,4.94,2.18,4.6,70.73,37.14,31.87,14.15,4.7,14.74,98.63,47.36,19.97,2.52,14.61,3.65,6.45,51.43,4.74,0.79,12.83,13.18,19.89,98.79
2017-11-01,28.75,16.82,5.27,2.13,4.53,70.37,36.9,31.63,14.27,4.75,14.46,99.13,48.54,20.31,2.6,14.63,4.15,6.69,52.89,4.72,0.77,14.32,13.54,19.53,101.43
2017-12-01,28.33,16.53,5.35,2.13,4.32,69.84,36.72,31.48,14.31,4.69,14.11,98.17,48.47,20.32,2.49,14.27,4.55,6.68,51.39,4.66,0.74,12.86,13.5,19.63,99.86
2018-01-01,28.58,16.38,5.2,2.2,4.81,70.12,37.02,31.76,14.34,4.75,14,98.7,47.39,20.56,2.45,13.41,4.31,6.53,50.81,4.35,0.7,13.3,13.52,18.94,98.21
2018-02-01,29.04,16.82,5.36,2.16,4.7,69.91,36.86,31.59,14.39,4.71,13.95,98.95,48.23,19.69,2.48,14.65,4.62,6.67,51.59,4.58,0.72,13.71,13.4,19.18,99.82
2018-03-01,29.32,17.2,5.4,2.12,4.6,69.95,36.69,31.41,14.37,4.77,14.12,99.27,48.13,20.73,2.33,14.32,4.09,6.53,51.89,4.47,0.73,13.63,13.85,19.2,100.01
2018-04-01,29.19,17.3,5.03,2.16,4.7,70.24,36.65,31.34,14.3,4.76,14.53,99.43,46.97,20.04,2.35,14.28,3.68,6.5,52.05,4.4,0.73,13.91,13.64,19.36,99.03
2018-05-01,29,17.33,5.18,2.12,4.36,70.42,36.54,31.23,14.36,4.75,14.78,99.42,47.06,20.25,2.5,14.1,3.51,6.56,52.68,4.54,0.75,13.72,13.86,19.81,99.74
2018-06-01,29.31,17.57,5.11,2.1,4.52,70.83,36.54,31.23,14.46,4.84,14.99,100.14,47.68,20.77,2.46,14.44,3.31,6.56,53.07,4.73,0.75,13.56,13.63,20.39,100.75
2018-07-01,30.07,17.97,5.33,2.1,4.67,70.87,36.58,31.29,14.61,4.7,14.98,100.94,48.34,20.67,2.64,14.85,3.58,6.46,52.82,4.79,0.76,13.51,13.52,20.24,101.16
2018-08-01,30.81,18.66,5.61,2.07,4.48,70.66,36.83,31.53,14.39,4.74,14.7,101.47,48.99,21.36,2.63,14.74,3.67,6.44,52.53,4.9,0.76,13.1,13.42,20.35,101.52
2018-09-01,30.15,18.63,5.19,2.08,4.25,71.04,36.96,31.67,14.71,4.67,14.7,101.18,47.33,20.08,2.68,14.51,3.57,6.33,52.91,4.81,0.76,13.82,13.35,20.17,100.24
2018-10-01,30.8,18.6,5.51,2,4.69,71.3,37.13,31.84,14.76,4.76,14.65,102.09,48.15,20.79,2.73,14.61,3.7,6.18,52.04,4.64,0.78,13.01,13.64,19.96,100.19
2018-11-01,31.29,19.03,5.6,1.93,4.73,70.9,36.88,31.6,14.81,4.76,14.46,102.19,48.06,20.77,2.61,14.19,3.94,6.41,52.48,4.71,0.77,13.83,13.69,19.49,100.55
2018-12-01,31.38,19.09,5.63,1.92,4.74,70.17,36.11,30.82,14.92,4.82,14.31,101.55,47.11,20.33,2.4,13.64,4.27,6.32,53.17,4.75,0.74,14.22,13.9,19.55,100.27
2019-01-01,30.72,18.85,5.37,1.86,4.64,69.14,35.44,30.11,14.84,4.84,14.01,99.86,48.08,20.61,2.63,14.01,4.13,6.58,51.49,4.58,0.72,13.7,13.65,18.84,99.57
2019-02-01,30.71,18.7,5.39,1.94,4.68,68.97,35.44,30.09,14.82,4.81,13.9,99.67,48.44,20.28,2.7,14.37,4.39,6.6,52.17,4.82,0.74,14.12,13.4,19.09,100.61
2019-03-01,31.01,18.96,5.47,1.93,4.64,68.73,34.99,29.61,14.72,4.93,14.09,99.73,46.94,20.18,2.52,13.93,3.9,6.31,52.51,4.71,0.75,14.04,13.88,19.14,99.45
2019-04-01,31.36,19.31,5.52,1.91,4.62,68.64,35.05,29.66,14.33,4.86,14.41,100,47.62,20.33,2.34,14.51,3.66,6.66,52.75,4.63,0.76,14.33,13.74,19.29,100.38
2019-05-01,31.06,19.39,5.34,1.9,4.44,68.73,34.71,29.34,14.23,4.86,14.93,99.79,46.8,20.39,2.55,14,3.39,6.35,53.38,4.77,0.78,14.12,13.96,19.74,100.18
2019-06-01,31.02,19.42,5.48,1.9,4.22,69.21,34.8,29.43,14.59,4.96,14.87,100.23,47.49,20.65,2.62,14.24,3.39,6.46,53.66,4.98,0.78,13.96,13.62,20.32,101.16
2019-07-01,30.98,19.03,5.48,1.9,4.57,68.75,34.37,29,14.56,4.87,14.94,99.72,48.65,20.73,2.69,14.99,3.48,6.62,53.62,5.04,0.79,13.91,13.71,20.17,102.26
2019-08-01,31.51,19.68,5.5,1.93,4.41,69.33,34.6,29.25,14.57,4.85,15.32,100.84,48.9,21.16,2.85,14.58,3.51,6.67,53.31,5.16,0.79,13.48,13.59,20.28,102.21
2019-09-01,31.61,19.84,5.36,1.95,4.45,67.55,33,27.68,14.51,4.85,15.2,99.16,47.52,20.25,2.72,14.61,3.56,6.25,53.46,5.07,0.79,14.22,13.26,20.12,100.98
2019-10-01,32.06,20.09,5.43,1.9,4.65,68.93,34.42,29.14,14.52,4.84,15.15,100.99,47.89,20.71,2.67,14.58,3.44,6.36,52.63,4.89,0.81,13.38,13.63,19.92,100.52
2019-11-01,32.89,20.43,5.62,1.94,4.9,68.79,34.28,29,14.67,4.86,14.97,101.68,47.98,20.74,2.64,14.04,3.83,6.61,53.33,4.96,0.8,14.23,13.91,19.44,101.31
2019-12-01,33.07,20.41,5.77,1.95,4.95,68.26,34.21,28.91,14.69,4.83,14.53,101.33,47.86,20.44,2.61,13.75,4.24,6.69,53.87,5,0.76,14.62,13.97,19.51,101.73
2020-01-01,32.98,20.5,5.57,1.99,4.91,67.95,33.8,28.67,14.72,4.93,14.5,100.92,46.18,19.93,2.51,13.37,3.8,6.39,49.36,4.22,0.68,14.12,13.21,17.13,95.54
2020-02-01,32.85,20.17,5.69,1.99,5,66.94,33.05,27.95,14.71,4.86,14.32,99.79,47.32,20.13,2.67,13.91,4.04,6.41,50.42,4.46,0.69,14.55,13.29,17.42,97.74
2020-03-01,32.8,20.31,5.6,2.01,4.89,67.27,33.26,28.19,14.69,4.88,14.45,100.07,43.38,18.46,2.36,12.73,3.51,6.11,48.91,4.35,0.71,14.46,12.26,17.13,92.29
2020-04-01,30.47,18.48,4.97,2,5.03,68.96,35.27,30.18,14.74,4.81,14.14,99.43,35.1,14.55,1.9,10.36,3.12,5.04,46.86,4.34,0.7,14.76,10.43,16.63,81.96
2020-05-01,27.68,16.24,4.71,1.91,4.81,60.45,29.33,24.31,12.48,4.83,13.82,88.13,37.26,16.08,2.08,10.7,2.77,5.45,48.72,4.47,0.71,14.55,11.84,17.16,85.98
2020-06-01,29.21,17.63,4.98,1.9,4.71,59.03,27.37,22.35,12.27,4.92,14.47,88.25,40.48,17.58,2.31,12,2.9,5.51,50.18,4.67,0.72,14.38,12.41,18,90.65
2020-07-01,30.17,18.49,4.94,1.88,4.86,59.91,28.01,22.98,12.32,4.85,14.73,90.08,42.29,18.38,2.29,12.99,3.02,5.44,49.91,4.74,0.71,14.33,12.22,17.91,92.2
2020-08-01,29.51,18.05,4.84,1.92,4.7,61.54,29.01,23.94,12.87,4.9,14.76,91.05,41.96,18.56,2.31,12.44,3.08,5.39,49.42,4.86,0.71,13.89,11.92,18.04,91.38
2020-09-01,29.65,18.34,4.97,1.92,4.42,61.45,29.13,23.98,12.89,4.9,14.53,91.1,42.77,18.41,2.34,13.19,3.1,5.57,50.48,4.78,0.72,14.65,12.3,18.03,93.25
2020-10-01,29.68,17.88,5.26,1.89,4.65,61.72,29.46,24.32,13.03,4.84,14.39,91.4,42.88,18.61,2.26,12.95,3.19,5.67,49.73,4.68,0.73,13.79,12.8,17.73,92.61
2020-11-01,30.88,18.67,5.58,1.89,4.74,62.15,30.23,25.07,13.13,4.86,13.93,93.03,42.91,18.74,2.43,12.33,3.48,5.75,51.31,4.73,0.72,14.66,13.5,17.69,94.22
2020-12-01,30.94,18.32,5.73,1.91,4.99,62.02,30.43,25.25,13.16,4.8,13.63,92.96,43.22,18.8,2.2,12.25,3.93,5.89,51.61,4.73,0.7,15.08,13.15,17.95,94.83
2021-01-01,30.96,18.4,5.72,1.9,4.94,62.78,30.61,25.32,13.3,5,13.87,93.74,41.64,18.6,2.24,11.22,3.78,5.62,51.11,4.56,0.73,15.01,13.19,17.61,92.75
2021-02-01,28.12,15.86,5.51,1.93,4.82,62.17,30.12,24.88,13.36,4.95,13.75,90.29,41.75,17.44,2.23,12.02,3.83,6.04,52.36,4.78,0.74,15.46,13.55,17.83,94.12
2021-03-01,30.97,18.42,5.62,1.95,4.98,62.63,30.28,25.02,13.47,5.03,13.83,93.6,43.89,19.2,2.31,12.51,3.58,6.04,52.06,4.65,0.74,15.37,13.55,17.74,95.95
2021-04-01,30.67,18.9,5.24,1.95,4.58,63.2,30.36,25,13.62,5,14.21,93.86,43.11,19.46,2.12,12.3,3.26,5.81,52.14,4.58,0.74,15.68,13.31,17.83,95.25
2021-05-01,30.82,19.19,5.33,1.95,4.35,64.02,30.86,25.46,13.63,5.02,14.51,94.85,43.48,20.09,2.17,12.16,2.93,5.92,51.85,4.71,0.75,15.46,12.71,18.23,95.33
2021-06-01,30.72,19.07,5.52,1.94,4.19,64.62,31.41,26.02,13.59,5.07,14.54,95.34,45.68,20.54,2.43,13.41,3.06,6.04,52.78,4.91,0.75,15.29,12.92,18.9,98.45
2021-07-01,31.38,19.13,5.65,1.93,4.67,65.56,32.15,26.72,13.66,4.99,14.76,96.94,45.42,19.89,2.54,13.72,3.12,5.95,52.57,5.06,0.75,15.08,12.92,18.77,97.99
2021-08-01,31.21,19.09,5.47,1.86,4.8,65.18,32.15,26.7,13.37,5,14.66,96.4,45.79,20.51,2.51,13.6,3.11,5.84,52.05,5.15,0.75,14.54,12.65,18.96,97.85
2021-09-01,30.56,18.61,5.34,1.9,4.71,66,32.56,27.11,13.73,5.04,14.68,96.56,46.27,20.22,2.45,14.18,3.32,5.91,53.13,5.07,0.72,15.36,12.95,19.03,99.4
2021-10-01,32.03,19.67,5.7,1.91,4.74,65.96,32.83,27.38,14.12,4.96,14.05,97.99,45.78,19.89,2.34,14.11,3.35,5.86,52.75,4.9,0.77,14.54,13.51,19.03,98.53
2021-11-01,32.37,20.03,5.78,1.93,4.63,66.26,33.13,27.75,14.27,4.97,13.89,98.63,46.82,20.59,2.47,13.81,3.52,6.23,53.63,4.9,0.76,15.43,13.65,18.9,100.45
2021-12-01,32.19,19.92,5.56,1.93,4.78,66.03,33.35,27.87,14.28,4.88,13.52,98.22,47.79,20.76,2.41,13.72,4.13,6.61,54.67,5.04,0.75,16.02,13.9,18.96,102.47
2022-01-01,31.31,19.22,5.52,1.93,4.63,66.79,33.44,27.82,14.34,5.21,13.8,98.1,44.55,19.73,2.33,12.32,3.8,6.17,52.86,4.43,0.75,15.44,13.57,18.68,97.41
2022-02-01,31.47,19.07,5.8,1.91,4.68,67.62,34.11,28.57,14.39,5.14,13.98,99.09,46.88,20.44,2.41,13.54,4.05,6.25,53.9,4.64,0.74,15.63,14.02,18.87,100.78
2022-03-01,31.97,19.67,5.77,1.9,4.64,67.36,33.73,28.21,14.31,5.21,14.12,99.33,45.61,19.97,2.34,13.25,3.65,6.13,52.58,4.27,0.76,14.97,13.92,18.66,98.19
2022-04-01,32.14,19.77,5.74,1.92,4.71,66.52,33.92,28.49,13.01,5.02,14.57,98.66,44.85,19.87,2.31,13.28,3.3,5.92,52.52,4.17,0.74,15.27,13.84,18.5,97.37
2022-05-01,32.26,20.07,5.55,1.93,4.71,67.24,34.36,28.93,12.83,5.05,15,99.5,44.92,20.3,2.38,12.95,3.04,6.02,53.36,4.28,0.75,15.47,13.98,18.88,98.27
2022-06-01,32.55,20.21,5.69,1.92,4.73,67.09,34.52,29.08,12.42,5.08,15.07,99.64,45.93,20.73,2.44,13.45,3.06,6.04,54.24,4.46,0.76,15.63,13.87,19.52,100.17
2022-07-01,32.66,20.32,5.73,1.91,4.7,67.51,34.69,29.21,12.52,5.02,15.28,100.17,46.14,20.75,2.48,13.53,3.16,6.01,53.92,4.62,0.75,15.58,13.59,19.38,100.06
2022-08-01,32.86,20.53,5.76,1.9,4.67,67.74,34.77,29.27,12.56,5.05,15.36,100.6,46.47,21,2.54,13.37,3.25,6.09,53.55,4.72,0.75,15.12,13.47,19.48,100.02
2022-09-01,32.73,20.57,5.73,1.89,4.53,67.85,34.8,29.33,12.56,5.07,15.42,100.58,46.03,20.47,2.49,13.75,3.15,5.98,54.44,4.66,0.76,15.99,13.52,19.51,100.47
2022-10-01,33.08,20.63,5.77,1.87,4.82,67.6,34.96,29.51,12.52,5.09,15.02,100.69,46.34,20.86,2.47,13.54,3.19,6.04,53.42,4.5,0.78,15.07,13.73,19.35,99.76
2022-11-01,33.72,21.11,5.89,1.86,4.86,67.49,35.02,29.51,12.54,5.11,14.81,101.2,46.66,21.09,2.49,13.22,3.43,6.21,54.3,4.62,0.76,16.05,13.98,18.87,100.96
2022-12-01,33.76,21.11,5.9,1.85,4.9,67.3,35.08,29.48,12.5,5.07,14.65,101.06,46.82,20.88,2.49,13.01,3.93,6.33,55.1,4.69,0.75,16.53,14.09,19.04,101.92
2023-01-01,33.85,21.07,5.95,1.92,4.91,67.25,35.22,29.6,12.49,5.08,14.45,101.09,45.58,20.08,2.47,12.94,3.75,6.13,54.79,4.16,0.73,16.3,14.3,19.29,100.36
2023-02-01,33.87,21.09,5.93,1.9,4.95,67.14,35.13,29.6,12.45,5.07,14.48,101.01,46.77,20.31,2.52,13.43,3.99,6.32,56.03,4.41,0.75,16.67,14.71,19.49,102.8
2023-03-01,33.92,21.17,5.88,1.89,4.97,67,35.12,29.6,12.35,5.07,14.47,100.92,46.09,20.47,2.41,13.13,3.67,6.16,55.29,4.3,0.76,16.47,14.73,19.03,101.38
2023-04-01,34.05,21.28,5.9,1.88,4.99,67.28,35.03,29.6,12.29,5.07,14.89,101.33,45.59,20.54,2.35,13.21,3.31,5.99,55.2,4.28,0.75,16.69,14.52,18.95,100.78
2023-05-01,34.02,21.36,5.87,1.87,4.93,67.51,35,29.58,12.07,5.1,15.34,101.54,45.37,20.76,2.41,12.9,3.04,6.04,55.51,4.41,0.77,16.35,14.64,19.34,100.88
2023-06-01,34.07,21.39,5.89,1.85,4.94,67.72,35,29.55,12.23,5.13,15.36,101.79,46.23,20.99,2.47,13.43,3.06,6.07,56.05,4.62,0.78,16.06,14.48,20.11,102.28
2023-07-01,34.12,21.44,5.87,1.84,4.98,67.7,35.02,29.54,12.19,5.06,15.43,101.83,46.41,20.99,2.5,13.55,3.13,6.05,55.32,4.69,0.77,15.89,14.04,19.92,101.72
2023-08-01,34.29,21.68,5.9,1.83,4.88,67.6,35.02,29.52,12.02,5.1,15.47,101.89,46.74,21.22,2.55,13.41,3.22,6.11,54.82,4.81,0.77,15.29,13.9,20.05,101.56
2023-09-01,34.2,21.68,5.93,1.82,4.77,67.71,34.97,29.51,12.03,5.12,15.58,101.91,46.42,20.78,2.5,13.79,3.13,6.02,55.49,4.73,0.78,16.03,13.95,20.01,101.91
2023-10-01,34.51,21.72,5.92,1.8,5.06,67.37,34.94,29.49,12.04,5.14,15.25,101.88,46.61,21.04,2.48,13.65,3.15,6.04,53.95,4.63,0.79,14.96,14.02,19.55,100.56
2023-11-01,34.94,22.14,5.93,1.79,5.07,67.16,34.98,29.47,12.09,5.16,14.93,102.11,46.65,21.1,2.5,13.22,3.38,6.22,54.88,4.68,0.78,15.82,14.32,19.28,101.53
2023-12-01,34.9,22.15,5.89,1.78,5.08,66.95,35.05,29.46,12.06,5.11,14.73,101.85,47.16,21.09,2.51,13.15,3.87,6.37,55.77,4.69,0.76,16.17,14.45,19.72,102.93
